,CO,NO2,SO3,O3,PM25,PM10
2017/1/23 0:00,0.058850261,0.042522796,0.314210851,0.067805594,0.078605605,0.096019746
2017/1/23 1:00,0.061122472,0.041553827,0.321517585,0.062691993,0.078374412,0.095287307
2017/1/23 2:00,0.065962281,0.03900718,0.309162175,0.059694752,0.079882192,0.097594991
2017/1/23 3:00,0.052715292,0.039895401,0.365400592,0.059620101,0.071006393,0.088063251
2017/1/23 4:00,0.052033629,0.033975999,0.454167821,0.054021268,0.07669575,0.095287307
2017/1/23 5:00,0.061804135,0.037112723,0.459983384,0.048396308,0.085008645,0.103715372
2017/1/23 6:00,0.049670529,0.0333735,0.503163411,0.055973394,0.078444775,0.100203678
2017/1/23 7:00,0.051647353,0.03639842,0.504654581,0.055204488,0.068020988,0.083076645
2017/1/23 8:00,0.066871166,0.044553902,0.409922672,0.066088618,0.082525833,0.100675249
2017/1/23 9:00,0.071347421,0.037827027,0.458066165,0.062046261,0.098578666,0.119839064
2017/1/23 10:00,0.067484663,0.090642004,0.601857572,0.083833185,0.057335853,0.065989746
2017/1/23 11:00,0.05862304,0.135736292,0.578850947,0.117773307,0.040046641,0.04679583
2017/1/23 12:00,0.055896387,0.145823499,0.566580747,0.141068183,0.034568373,0.040454714
2017/1/23 13:00,0.063826403,0.136419538,0.519331956,0.143210669,0.03826746,0.046083458
2017/1/23 14:00,0.089888662,0.151283262,0.456148947,0.145218784,0.047314141,0.056859342
2017/1/23 15:00,0.062553965,0.16128351,0.875380781,0.162937222,0.038468497,0.045892823
2017/1/23 16:00,0.069416042,0.150581381,0.783567305,0.146786457,0.038398134,0.045250685
2017/1/23 17:00,0.065814588,0.110561753,0.550092666,0.120647374,0.035382574,0.04244133
2017/1/23 18:00,0.041036128,0.063312132,0.377756002,0.086942403,0.033171163,0.038267431
2017/1/23 19:00,0.034083163,0.047181296,0.349913725,0.074315169,0.040307989,0.046524928
2017/1/23 20:00,0.034219496,0.0386345,0.330400699,0.064856875,0.04510273,0.051842636
2017/1/23 21:00,0.032492615,0.038715248,0.324137784,0.066823932,0.041755458,0.048300842
2017/1/23 22:00,0.05430584,0.045485602,0.309098268,0.073180473,0.045605323,0.052274073
2017/1/23 23:00,0.064144513,0.036913961,0.32400997,0.061549831,0.056793052,0.065819178
2017/1/24 0:00,0.054669393,0.037740068,0.324649042,0.059123671,0.064331953,0.074086709
2017/1/24 1:00,0.054214951,0.028510025,0.35468547,0.044566706,0.069498613,0.078732178
2017/1/24 2:00,0.04817087,0.023851524,0.359009863,0.047388518,0.07093603,0.08070876
2017/1/24 3:00,0.039377414,0.026044125,0.365038451,0.05022526,0.068925656,0.077859271
2017/1/24 4:00,0.035287435,0.025919899,0.339560744,0.055898743,0.074122472,0.083317447
2017/1/24 5:00,0.042717564,0.046957688,0.26415014,0.077151911,0.074584858,0.085183662
2017/1/24 6:00,0.048307203,0.041491714,0.305753787,0.062408319,0.090768365,0.101809024
2017/1/24 7:00,0.041036128,0.029957266,0.342883923,0.050822468,0.100156809,0.113046445
2017/1/24 8:00,0.050670302,0.031031827,0.334448161,0.054581151,0.109464839,0.124183531
2017/1/24 9:00,0.049306976,0.024634152,0.353045182,0.047104844,0.108429496,0.122347417
2017/1/24 10:00,0.097614179,0.06469726,0.298234029,0.085673334,0.118752764,0.134116608
2017/1/24 11:00,0.086253124,0.1517429,0.379950152,0.155274287,0.065739214,0.075621821
2017/1/24 12:00,0.091865485,0.178905066,0.388130286,0.166333847,0.057164971,0.06561851
2017/1/24 13:00,0.129061577,0.172116077,0.353833372,0.169480391,0.06000965,0.067564991
2017/1/24 14:00,0.142603954,0.164041343,0.568987922,0.173399574,0.061658156,0.072581697
2017/1/24 15:00,0.159122927,0.171513578,0.551945977,0.175579386,0.06453299,0.077598403
2017/1/24 16:00,0.144126335,0.158699595,0.470038131,0.172055854,0.062321579,0.073585038
2017/1/24 17:00,0.145716883,0.126872717,0.470038131,0.150295058,0.065136102,0.074347577
2017/1/24 18:00,0.076482618,0.070952073,0.335300258,0.101898751,0.068553737,0.07635426
2017/1/24 19:00,0.058918428,0.061367984,0.277421554,0.091895503,0.075730771,0.085584998
2017/1/24 20:00,0.054533061,0.054759124,0.261721662,0.079787095,0.085541394,0.096491316
2017/1/24 21:00,0.065439673,0.052523044,0.265982149,0.081604849,0.095593261,0.105922723
2017/1/24 22:00,0.126857532,0.091803523,0.221460069,0.113357694,0.125316634,0.138962746
2017/1/24 23:00,0.104135424,0.06451092,0.289926081,0.080373106,0.103976519,0.115655132
2017/1/25 0:00,0.109815951,0.061529479,0.32541593,0.071414974,0.127528045,0.144852358
2017/1/25 1:00,0.124130879,0.079231782,0.360501033,0.091955224,0.139821479,0.161307153
2017/1/25 2:00,0.123744603,0.062442545,0.372494302,0.069052267,0.14273652,0.162842265
2017/1/25 3:00,0.124426267,0.05362245,0.383656775,0.069350871,0.141630815,0.162109826
2017/1/25 4:00,0.125948648,0.042336456,0.376541763,0.064558271,0.154497206,0.175955933
2017/1/25 5:00,0.120495342,0.028031752,0.350552798,0.05073662,0.164146999,0.186992686
2017/1/25 6:00,0.121108839,0.025485105,0.352256993,0.045473717,0.182411242,0.209096291
2017/1/25 7:00,0.148966144,0.032379686,0.349636794,0.052554374,0.196785413,0.226995896
2017/1/25 8:00,0.177005226,0.033665433,0.378032934,0.048508284,0.220407302,0.251778422
2017/1/25 9:00,0.187980005,0.026727372,0.412329847,0.046742786,0.242993848,0.276460614
2017/1/25 10:00,0.231379232,0.058634997,0.505847517,0.060228507,0.234148205,0.262674707
2017/1/25 11:00,0.215700977,0.127121171,0.49508979,0.096023709,0.266776567,0.295754864
2017/1/25 12:00,0.215700977,0.211471092,0.49508979,0.1393848,0.245868682,0.287828469
2017/1/25 13:00,0.229493297,0.261907128,0.49508979,0.158719435,0.17238953,0.208163183
2017/1/25 14:00,0.201908657,0.279075257,0.484332062,0.174720898,0.163543886,0.196494326
2017/1/25 15:00,0.201545103,0.299672042,0.375412735,0.183141542,0.158588316,0.191106384
2017/1/25 16:00,0.188207226,0.270894929,0.33295699,0.180267475,0.157884685,0.188126461
2017/1/25 17:00,0.184344467,0.143935253,0.390175319,0.135155816,0.162840256,0.192912398
2017/1/25 18:00,0.167916383,0.079505081,0.358434697,0.102331727,0.164619436,0.1887987
2017/1/25 19:00,0.162758464,0.069417874,0.302558422,0.096919522,0.167765671,0.186792017
2017/1/25 20:00,0.187298341,0.056355437,0.318599152,0.083907836,0.203319127,0.222440728
2017/1/25 21:00,0.253192456,0.065504733,0.316341095,0.082799267,0.242320373,0.267631212
2017/1/25 22:00,0.239036583,0.069256379,0.311718467,0.083209848,0.262122552,0.292614406
2017/1/25 23:00,0.215769143,0.057889637,0.323583921,0.06449855,0.276496723,0.309932074
2017/1/26 0:00,0.218813906,0.059293399,0.327056217,0.063166028,0.285543404,0.323346745
2017/1/26 1:00,0.238491252,0.05101369,0.361566155,0.058089753,0.305747658,0.345691152
2017/1/26 2:00,0.237446035,0.043373748,0.373857657,0.059817926,0.318684412,0.356487102
2017/1/26 3:00,0.237127925,0.03807548,0.38606395,0.056734836,0.31318604,0.352413537
2017/1/26 4:00,0.244262668,0.048609903,0.426474661,0.057940451,0.304239878,0.348701175
2017/1/26 5:00,0.226766644,0.070101121,0.506784824,0.062244087,0.255960758,0.289634483
2017/1/26 6:00,0.215178369,0.039584834,0.486547515,0.050016237,0.253447791,0.283614436
2017/1/26 7:00,0.175096569,0.03486422,0.43137422,0.046343403,0.222146275,0.246260046
2017/1/26 8:00,0.200090888,0.039212154,0.454167821,0.037198643,0.236188734,0.263718182
2017/1/26 9:00,0.158373097,0.093480583,0.416462518,0.08201543,0.158960235,0.171641566
2017/1/26 10:00,0.173369689,0.105779026,0.42349232,0.096374569,0.145993326,0.159069702
2017/1/26 11:00,0.179504658,0.114822729,0.418294527,0.108079862,0.155803948,0.173046244
2017/1/26 12:00,0.182822086,0.102151606,0.430159981,0.104485411,0.192493265,0.221106284
2017/1/26 13:00,0.212519882,0.115071182,0.406450376,0.100368403,0.226669615,0.261069361
2017/1/26 14:00,0.282049534,0.120437775,0.430649937,0.093313874,0.304209722,0.355885097
2017/1/26 15:00,0.379231993,0.091244503,0.442408879,0.087289531,0.379829922,0.44933629
2017/1/26 16:00,0.448148148,0.149152774,0.430404959,0.132505701,0.39795344,0.47936629
2017/1/26 17:00,0.479345603,0.168302318,0.418017596,0.128211397,0.321659764,0.391975278
2017/1/26 18:00,0.401340604,0.097828517,0.395010971,0.128011705,0.293816091,0.356356668
2017/1/26 19:00,0.397182459,0.093356357,0.408921458,0.111230138,0.300148768,0.346955361
2017/1/26 20:00,0.396409907,0.111654948,0.467801376,0.118754969,0.256825218,0.292042502
2017/1/26 21:00,0.052942513,0.158882829,0.241995612,0.159130016,0.024998995,0.032949723
2017/1/26 22:00,0.021949557,0.194452036,0.23338943,0.127802682,0.00985083,0.01414711
2017/1/26 23:00,0.024608044,0.16296057,0.241143514,0.119591061,0.010092075,0.013444771
2017/1/27 0:00,0.016587139,0.154805088,0.247022985,0.128411089,0.007780146,0.00947154
2017/1/27 1:00,0.011133833,0.130164725,0.259463605,0.122838384,0.006131639,0.007795961
2017/1/27 2:00,0.013633265,0.115158141,0.273587116,0.110394046,0.008845644,0.010605316
2017/1/27 3:00,0.016428085,0.10617034,0.292972328,0.092903293,0.012032086,0.014749115
2017/1/27 4:00,0.019836401,0.075840394,0.304411733,0.081705628,0.01394194,0.016695596
2017/1/27 5:00,0.045216996,0.040535169,0.335428072,0.057817277,0.01598247,0.019866154
2017/1/27 6:00,0.105885026,0.0309076,0.325991096,0.058276381,0.022616702,0.02703001
2017/1/27 7:00,0.164644399,0.037429501,0.32997465,0.067969826,0.022300068,0.026357771
2017/1/27 8:00,0.139422858,0.032752367,0.328909529,0.071388846,0.022300068,0.026357771
2017/1/27 9:00,0.130038628,0.035503988,0.375050593,0.064520945,0.022300068,0.026357771
2017/1/27 10:00,0.062326744,0.115238888,0.485269369,0.11507467,0.021983435,0.025685533
2017/1/27 11:00,0.057555101,0.162177942,0.4881665,0.149137966,0.017259057,0.020608627
2017/1/27 12:00,0.072483526,0.217496087,0.282534137,0.164419046,0.014514897,0.017829372
2017/1/27 13:00,0.105271529,0.225409327,0.23566879,0.16632265,0.011861204,0.01458858
2017/1/27 14:00,0.044671666,0.290479267,0.189506423,0.173015121,0.010996743,0.013314337
2017/1/27 15:00,0.055055669,0.290752565,0.212023092,0.163485908,0.015248683,0.017799272
2017/1/27 16:00,0.051351965,0.296442148,0.183967791,0.163497105,0.018394918,0.021842736
2017/1/27 17:00,0.046489434,0.260087207,0.203715144,0.161518851,0.018334607,0.021812636
2017/1/27 18:00,0.052624404,0.132382171,0.295741644,0.104660841,0.0261047,0.030902907
2017/1/27 19:00,0.065507839,0.065591692,0.366614831,0.075670087,0.050400064,0.056889442
2017/1/27 20:00,0.056259941,0.044783721,0.357731717,0.071314195,0.050560894,0.057391112
2017/1/27 21:00,0.088389002,0.035361127,0.40289287,0.060153856,0.07518797,0.086488005
2017/1/27 22:00,0.149579641,0.08531889,0.479858552,0.097830266,0.119587069,0.137226966
2017/1/27 23:00,0.144739832,0.086399662,0.662505592,0.087278333,0.170851594,0.193514403
2017/1/28 0:00,0.157600545,0.064821486,0.627356581,0.067447268,0.158819509,0.181243541
2017/1/28 1:00,0.176164508,0.060187831,0.514517606,0.06331533,0.155170681,0.174922492
2017/1/28 2:00,0.151329243,0.066790479,0.593059668,0.066424548,0.125346789,0.143748683
2017/1/28 3:00,0.096114519,0.049088176,0.92559061,0.051755607,0.097875035,0.114952793
2017/1/28 4:00,0.113451488,0.043603568,0.890995463,0.048747168,0.099453178,0.113217013
2017/1/28 5:00,0.144421722,0.042938955,0.776047547,0.041965116,0.106690523,0.121344076
2017/1/28 6:00,0.169188821,0.040454421,0.635792344,0.046656937,0.105916529,0.119698596
2017/1/28 7:00,0.152987957,0.038609655,0.610016403,0.045884298,0.100759921,0.11418022
2017/1/28 8:00,0.175710066,0.042876842,0.832200754,0.04822461,0.122773511,0.138631643
2017/1/28 9:00,0.199341059,0.043044548,0.916281448,0.050848596,0.144586064,0.162481062
2017/1/28 10:00,0.204862531,0.046373823,0.865432546,0.052352816,0.146596438,0.164116508
2017/1/28 11:00,0.211088389,0.045951452,0.920605841,0.059370019,0.162739737,0.181373975
2017/1/28 12:00,0.211451943,0.058386544,1,0.060228507,0.156105504,0.173949251
2017/1/28 13:00,0.199795501,0.057119432,0.805231877,0.062542691,0.145892807,0.162079725
2017/1/28 14:00,0.193047035,0.045529081,0.692328995,0.05871309,0.143038076,0.158367363
2017/1/28 15:00,0.219268348,0.036417054,0.574441344,0.058052427,0.161875276,0.17809305
2017/1/28 16:00,0.188207226,0.031156054,0.482287029,0.045820845,0.154698243,0.170236889
2017/1/28 17:00,0.189343331,0.027205645,0.473553032,0.052304293,0.149370753,0.163484403
2017/1/28 18:00,0.192365372,0.026851599,0.485695418,0.046022403,0.156849343,0.173277012
2017/1/28 19:00,0.21917746,0.018820343,0.494770253,0.037347945,0.183145028,0.199263548
2017/1/28 20:00,0.232810725,0.012441303,0.474958993,0.029711138,0.199630091,0.217464156
2017/1/28 21:00,0.210474892,0.007161669,0.451100271,0.027568651,0.221714044,0.240340333
2017/1/28 22:00,0.214178596,0.007801436,0.446285921,0.027370826,0.250562905,0.274052595
2017/1/28 23:00,0.195023858,0.008298343,0.441599386,0.025381374,0.280386796,0.311176217
2017/1/29 0:00,0.192910702,0.003292007,0.459408218,0.021238238,0.326052431,0.362978719
2017/1/29 1:00,0.230856623,0.000124227,0.480710649,0.007700261,0.386896385,0.434145705
2017/1/29 2:00,0.26562145,0.000267087,0.535607013,0.009331387,0.376080576,0.420971836
2017/1/29 3:00,0.266212224,0.006087108,0.52787423,0.016497893,0.342768686,0.384520453
2017/1/29 4:00,0.257805044,0.010950583,0.485546301,0.024448235,0.31124603,0.347958702
2017/1/29 5:00,0.382549421,0.034243087,0.478303474,0.039774106,0.286980821,0.320336721
2017/1/29 6:00,0.360599864,0.032938707,0.474469037,0.040348919,0.269359897,0.303109354
2017/1/29 7:00,0.35732788,0.075300007,0.479006455,0.057555998,0.23649029,0.265253293
2017/1/29 8:00,0.253578732,0.115114661,0.501672241,0.087028252,0.144515701,0.161879057
2017/1/29 9:00,0.086025903,0.20578151,0.376051808,0.13476763,0.038398134,0.047257367
2017/1/29 10:00,0.015587367,0.268453875,0.280126962,0.149526152,0.006071328,0.011839425
2017/1/29 11:00,0.02263122,0.239384829,0.302068466,0.139086196,0.007207189,0.013685573
2017/1/29 12:00,0.028243581,0.231018162,0.283663166,0.143501808,0.008142013,0.014849449
2017/1/29 13:00,0.02597137,0.197414843,0.2839614,0.136062826,0.009991556,0.017056799
2017/1/29 14:00,0.022722109,0.209794032,0.266919456,0.140243288,0.010755498,0.017698937
2017/1/29 15:00,0.025585094,0.216465005,0.255203119,0.149526152,0.00969,0.015020017
2017/1/29 16:00,0.021267894,0.189917762,0.255117909,0.145655493,0.010353424,0.016023358
2017/1/29 17:00,0.020290843,0.143146414,0.279338773,0.135155816,0.010222749,0.015892923
2017/1/29 18:00,0.017632356,0.116151954,0.276292525,0.113032962,0.012866391,0.017859472
2017/1/29 19:00,0.021586003,0.103455986,0.262360735,0.097169604,0.01625387,0.0214715
2017/1/29 20:00,0.045671438,0.081865388,0.28317321,0.089021436,0.019168912,0.024150421
2017/1/29 21:00,0.055510111,0.053603816,0.335002024,0.072112962,0.026939005,0.033481493
2017/1/29 22:00,0.042626676,0.054697011,0.327844407,0.072262264,0.02416469,0.030200568
2017/1/29 23:00,0.042399455,0.03993888,0.354472445,0.060751065,0.03950384,0.049103515
2017/1/30 0:00,0.051261077,0.040330195,0.370364059,0.061833506,0.044730811,0.053849318
2017/1/30 1:00,0.054214951,0.068529653,0.330102465,0.087401507,0.028145229,0.034615269
2017/1/30 2:00,0.037400591,0.05474049,0.344375093,0.077846166,0.023863134,0.030571804
2017/1/30 3:00,0.028993411,0.022335959,0.374773662,0.056309324,0.03186442,0.040073445
2017/1/30 4:00,0.019222904,0.033764814,0.371088341,0.062169436,0.025270395,0.031645379
2017/1/30 5:00,0.018018632,0.037988521,0.359435912,0.069250092,0.018294399,0.022745743
2017/1/30 6:00,0.009906839,0.045653308,0.339837675,0.073169275,0.012705561,0.015892923
2017/1/30 7:00,0.002408544,0.050063356,0.338495622,0.079104038,0.009016525,0.011407989
2017/1/30 8:00,0.005521472,0.028795746,0.353961187,0.056324255,0.013911785,0.018531711
2017/1/30 9:00,0.016950693,0.0682812,0.312932706,0.100256427,0.018696474,0.022775844
2017/1/30 10:00,0.01422404,0.135096524,0.262786784,0.127365973,0.011529492,0.014187244
2017/1/30 11:00,0.014678482,0.156215061,0.310653346,0.142818751,0.005669253,0.007163856
2017/1/30 12:00,0.017087026,0.160401501,0.289755661,0.154617357,0.005307386,0.006300982
2017/1/30 13:00,0.019904567,0.136667992,0.303559636,0.148652734,0.004865104,0.00558861
2017/1/30 14:00,0.024085435,0.138034485,0.242272543,0.151452151,0.004965623,0.005889612
2017/1/30 15:00,0.024153601,0.135612065,0.245318791,0.152945173,0.004422822,0.005257507
2017/1/30 16:00,0.026493979,0.140438272,0.235093624,0.143901192,0.005397853,0.006120381
2017/1/30 17:00,0.022858441,0.146339039,0.243337665,0.138948091,0.007136826,0.008568533
2017/1/30 18:00,0.051033856,0.085238143,0.290053895,0.102033123,0.01049415,0.013013334
2017/1/30 19:00,0.044989775,0.052957837,0.362631276,0.083556976,0.01749025,0.021240732
2017/1/30 20:00,0.060577142,0.046789982,0.328185246,0.10097681,0.038096578,0.046254026
2017/1/30 21:00,0.081481481,0.055237397,0.282896278,0.078346329,0.031331671,0.037966428
2017/1/30 22:00,0.058236764,0.053019951,0.28387619,0.06096382,0.043021993,0.052314206
2017/1/30 23:00,0.063462849,0.064138239,0.298660077,0.06651413,0.046781392,0.054080087
2017/1/31 0:00,0.046580323,0.048324182,0.341328846,0.060355414,0.044328736,0.0514413
2017/1/31 1:00,0.05430584,0.04724341,0.358860746,0.059582775,0.054219774,0.063481393
2017/1/31 2:00,0.055578278,0.038280454,0.424898281,0.045835775,0.066945438,0.077959605
2017/1/31 3:00,0.055896387,0.027801933,0.473467823,0.044055346,0.059577419,0.070073344
2017/1/31 4:00,0.049670529,0.027596959,0.481136698,0.0407595,0.058300832,0.069732208
2017/1/31 5:00,0.053624176,0.020497404,0.469995526,0.034526133,0.058843633,0.069270671
2017/1/31 6:00,0.061804135,0.030746105,0.479858552,0.035033761,0.060482088,0.06950144
2017/1/31 7:00,0.061190638,0.026541032,0.47431992,0.034313378,0.061959712,0.072411129
2017/1/31 8:00,0.063531016,0.045566349,0.454167821,0.043879916,0.063427285,0.073886041
2017/1/31 9:00,0.081345149,0.059895898,0.455872015,0.059631298,0.077138032,0.088434487
2017/1/31 10:00,0.083231084,0.143562573,0.389621456,0.105817933,0.051767118,0.059096792
2017/1/31 11:00,0.069438764,0.232446769,0.273011951,0.161182921,0.033945157,0.040103545
2017/1/31 12:00,0.065666894,0.238285423,0.176874081,0.184388216,0.037694504,0.045852689
2017/1/31 13:00,0.102703931,0.231347363,0.17502077,0.18895313,0.043293394,0.052946311
2017/1/31 14:00,0.117018859,0.253173992,0.172336664,0.196653391,0.045434442,0.054782425
2017/1/31 15:00,0.100045444,0.274311163,0.156572865,0.196765368,0.040750271,0.050508192
2017/1/31 16:00,0.086934788,0.231036796,0.147753659,0.205088965,0.037935748,0.045621921
2017/1/31 17:00,0.082617587,0.189383587,0.170057304,0.179920347,0.042057014,0.050769061
2017/1/31 18:00,0.07823222,0.100101866,0.233538547,0.130624494,0.040649753,0.04850151
2017/1/31 19:00,0.07521018,0.069442719,0.296103785,0.101376193,0.045836516,0.052815877
2017/1/31 20:00,0.151329243,0.070598027,0.333723878,0.109822965,0.085742431,0.097865893
2017/1/31 21:00,0.155101113,0.063933265,0.342031826,0.10273111,0.112550762,0.131407587
2017/1/31 22:00,0.123290161,0.05664737,0.318961293,0.08964104,0.115134092,0.134086508
2017/1/31 23:00,0.179868212,0.057119432,0.385914833,0.07522218,0.15145149,0.176658272
2017/2/1 0:00,0.158282209,0.046044622,0.38676693,0.066588781,0.137147682,0.160103143
2017/2/1 1:00,0.143512838,0.043249522,0.401146071,0.06651413,0.136323429,0.160042943
2017/2/1 2:00,0.178050443,0.042379935,0.460409433,0.061027274,0.163111656,0.189531139
2017/2/1 3:00,0.237127925,0.073144674,0.387235584,0.080063304,0.1722287,0.202313705
2017/2/1 4:00,0.210474892,0.074138488,0.387704237,0.074262914,0.131779985,0.153812195
2017/2/1 5:00,0.104885253,0.059007677,0.346505336,0.067458466,0.090305979,0.106956164
2017/2/1 6:00,0.07284708,0.060206465,0.324350808,0.064983782,0.060080013,0.071337554
2017/2/1 7:00,0.072165417,0.042442048,0.3269071,0.055402313,0.04510273,0.054250655
2017/2/1 8:00,0.078845717,0.039336381,0.320090322,0.05367414,0.040609545,0.048902846
2017/2/1 9:00,0.119518291,0.056728117,0.339560744,0.066152072,0.035955531,0.042581797
2017/2/1 10:00,0.097159736,0.136525131,0.331891869,0.116366134,0.024828113,0.029839365
2017/2/1 11:00,0.065439673,0.171762031,0.226934793,0.143938517,0.016786619,0.021040063
2017/2/1 12:00,0.043762781,0.153208775,0.212172209,0.150817616,0.012202967,0.016053458
2017/2/1 13:00,0.042399455,0.138096599,0.237010843,0.143703366,0.010896225,0.013816007
2017/2/1 14:00,0.043694615,0.145904246,0.272521995,0.152400219,0.010594668,0.013685573
2017/2/1 15:00,0.037786867,0.18381202,0.150246043,0.152101615,0.007438382,0.011076886
2017/2/1 16:00,0.037559646,0.176066486,0.138742731,0.157312262,0.006734751,0.00947154
2017/2/1 17:00,0.036582595,0.172091232,0.108919328,0.1510565,0.008513932,0.011779225
2017/2/1 18:00,0.017041581,0.147208626,0.110133566,0.138638289,0.008513932,0.01244143
2017/2/1 19:00,0.014905703,0.125406842,0.115033125,0.1293181,0.014916972,0.019805954
2017/2/1 20:00,0.025903204,0.090225844,0.210808853,0.101301542,0.021752242,0.028063451
2017/2/1 21:00,0.022858441,0.070684986,0.295038664,0.079466095,0.024365727,0.029839365
2017/2/1 22:00,0.02801636,0.06525628,0.27791151,0.071239544,0.032306703,0.039802542
2017/2/1 23:00,0.035582822,0.046585008,0.302068466,0.068104198,0.050128664,0.059498129
2017/2/2 0:00,0.033015224,0.03565306,0.305689879,0.06382669,0.062261268,0.074086709
2017/2/2 1:00,0.037627812,0.027596959,0.327908314,0.054693128,0.079349443,0.093982963
2017/2/2 2:00,0.042785731,0.020683744,0.34233006,0.042237592,0.089260585,0.108059839
2017/2/2 3:00,0.054669393,0.018031504,0.355601474,0.037848107,0.106419123,0.127263788
2017/2/2 4:00,0.06369007,0.015981764,0.371791321,0.038654339,0.118682401,0.142675108
2017/2/2 5:00,0.058304931,0.012441303,0.369597171,0.028464464,0.120190181,0.141370765
2017/2/2 6:00,0.065576005,0.014720863,0.376328739,0.033044309,0.115093884,0.137959405
2017/2/2 7:00,0.071801863,0.009521976,0.379098055,0.030730125,0.109806602,0.129701907
2017/2/2 8:00,0.093069757,0.013373003,0.377266046,0.035795202,0.118109445,0.139364082
2017/2/2 9:00,0.137923199,0.032982186,0.419444859,0.045537171,0.125688553,0.145925933
2017/2/2 10:00,0.129356964,0.121096176,0.543701936,0.101659867,0.068392907,0.08023719
2017/2/2 11:00,0.097614179,0.240024597,0.323860853,0.150086035,0.039172128,0.048431276
2017/2/2 12:00,0.093296978,0.329610674,0.167777943,0.197239402,0.040076796,0.049705519
2017/2/2 13:00,0.102544876,0.305759149,0.136335556,0.210489972,0.044630292,0.055655332
2017/2/2 14:00,0.087548284,0.324604338,0.119996592,0.227185691,0.03250774,0.040705549
2017/2/2 15:00,0.112542604,0.328020572,0.121977718,0.227223016,0.045173093,0.056227237
2017/2/2 16:00,0.144739832,0.302759075,0.117227276,0.231828989,0.081088416,0.09829733
2017/2/2 17:00,0.186912065,0.248453378,0.16792706,0.209605357,0.119958988,0.144250354
2017/2/2 18:00,0.194637582,0.114847574,0.2839614,0.152624173,0.132785171,0.160875716
2017/2/2 19:00,0.204498978,0.094679371,0.285793409,0.135939652,0.156075349,0.185186672
2017/2/2 20:00,0.156623495,0.098698104,0.261593848,0.138164255,0.148908367,0.180340534
2017/2/2 21:00,0.245535106,0.090064349,0.313486569,0.113406218,0.18482369,0.216490915
2017/2/2 22:00,0.22123381,0.063187905,0.367466928,0.090462202,0.202384303,0.232745041
2017/2/2 23:00,0.235082936,0.048485677,0.385787018,0.082612639,0.201640465,0.228230006
2017/2/3 0:00,0.218813906,0.045796169,0.391602582,0.092317282,0.213903743,0.24415303
2017/2/3 1:00,0.222063167,0.044634649,0.38685214,0.082676093,0.230961763,0.26568473
2017/2/3 2:00,0.210929334,0.03546672,0.380951367,0.061176576,0.247115114,0.282480661
2017/2/3 3:00,0.216314474,0.050311809,0.41446009,0.062542691,0.247275944,0.275417139
2017/2/3 4:00,0.220404454,0.090412184,0.402828963,0.079451165,0.229021752,0.252310193
2017/2/3 5:00,0.214564872,0.066765634,0.397695077,0.074729483,0.222317157,0.244865402
2017/2/3 6:00,0.208816178,0.03602574,0.392305562,0.05501786,0.237023039,0.259604483
2017/2/3 7:00,0.192683481,0.036417054,0.370364059,0.052838048,0.245768164,0.270340233
2017/2/3 8:00,0.170643036,0.03714378,0.353045182,0.05636158,0.258332998,0.292112735
2017/2/3 9:00,0.196841627,0.098114239,0.4145453,0.075707412,0.241546379,0.266928873
2017/2/3 10:00,0.175869121,0.216465005,0.308310078,0.121569315,0.182913835,0.198932445
2017/2/3 11:00,0.15980459,0.294187433,0.214792408,0.150780291,0.160297133,0.17465159
2017/2/3 12:00,0.161463304,0.342989888,0.132138977,0.184996622,0.140997547,0.164718513
2017/2/3 13:00,0.146625767,0.374394395,0.101612594,0.217369071,0.115294922,0.137658402
2017/2/3 14:00,0.135878209,0.413836369,0.073067337,0.244878001,0.097704153,0.115153461
2017/2/3 15:00,0.135196546,0.420650202,0.06914769,0.255456062,0.090507016,0.106023057
2017/2/3 16:00,0.112701659,0.396755199,0.068657734,0.242963201,0.076494713,0.089638496
2017/2/3 17:00,0.104430811,0.290317772,0.094284558,0.222296044,0.077067669,0.089939499
2017/2/3 18:00,0.10624858,0.150314294,0.19044373,0.165187953,0.09267822,0.108862512
2017/2/3 19:00,0.090229493,0.106021268,0.191743178,0.149664257,0.102016405,0.118564821
2017/2/3 20:00,0.123608271,0.100163979,0.193063929,0.12597373,0.121969362,0.135852388
2017/2/3 21:00,0.145035219,0.076977068,0.216347485,0.116616215,0.139660649,0.152678419
2017/2/3 22:00,0.128220859,0.061510845,0.252987666,0.096322314,0.142977765,0.157695125
2017/2/3 23:00,0.161395137,0.056374071,0.258036342,0.093325072,0.183245547,0.202544473
2017/2/4 0:00,0.167302886,0.049603717,0.285090429,0.083769731,0.204525351,0.226855429
2017/2/4 1:00,0.166848444,0.037025765,0.307969239,0.070295208,0.216326243,0.243260056
2017/2/4 2:00,0.151011134,0.040373674,0.300641203,0.064946456,0.226468578,0.258731576
2017/2/4 3:00,0.155555556,0.037827027,0.30709584,0.064696375,0.240410518,0.278527497
2017/2/4 4:00,0.175551011,0.031367239,0.335428072,0.059844054,0.250693579,0.290908726
2017/2/4 5:00,0.165939559,0.024907451,0.34522719,0.04872104,0.260242853,0.305557506
2017/2/4 6:00,0.19752329,0.028323685,0.370087127,0.048097703,0.26001166,0.298293317
2017/2/4 7:00,0.265235174,0.029503839,0.369511961,0.046806239,0.249457199,0.280935515
2017/2/4 8:00,0.25819132,0.020969465,0.39763117,0.04192779,0.230157613,0.258199805
2017/2/4 9:00,0.240240854,0.025919899,0.394158874,0.049531004,0.224257167,0.249631272
2017/2/4 10:00,0.216473529,0.039367438,0.373218584,0.056525812,0.231675445,0.258651309
2017/2/4 11:00,0.241445126,0.049193769,0.402040773,0.067842919,0.241385549,0.26903589
2017/2/4 12:00,0.195092025,0.074200601,0.389685363,0.088446623,0.199831129,0.226694894
2017/2/4 13:00,0.176164508,0.1053815,0.328909529,0.102794564,0.191126211,0.233046043
2017/2/4 14:00,0.163394683,0.099337872,0.310014273,0.112502939,0.182511761,0.22612299
2017/2/4 15:00,0.158736651,0.108263559,0.297445839,0.110580674,0.185024728,0.231510931
2017/2/4 16:00,0.163826403,0.119462595,0.262360735,0.116903622,0.188010132,0.23341728
2017/2/4 17:00,0.165644172,0.11292206,0.282171996,0.113854124,0.195810382,0.239698195
2017/2/4 18:00,0.155328334,0.066958185,0.307181049,0.085662137,0.208948173,0.253313534
2017/2/4 19:00,0.141785958,0.065343238,0.248876297,0.084728998,0.225332717,0.26221317
2017/2/4 20:00,0.159872756,0.058094611,0.279338773,0.080906862,0.274285312,0.318159471
2017/2/4 21:00,0.186230402,0.050845984,0.30000213,0.078058922,0.320694785,0.378660941
2017/2/4 22:00,0.217814133,0.048199955,0.306818908,0.073120752,0.447478992,0.543249019
2017/2/4 23:00,0.187002954,0.038572387,0.354323328,0.055962197,0.33670741,0.407858168
2017/2/5 0:00,0.183594638,0.036230714,0.393796732,0.050837399,0.305375739,0.371707787
2017/2/5 1:00,0.171165644,0.039274268,0.378458982,0.046582286,0.316975594,0.392647516
2017/2/5 2:00,0.178822995,0.027578325,0.43137422,0.040658721,0.32960074,0.414520353
2017/2/5 3:00,0.188661668,0.020516038,0.436912852,0.031823764,0.3511821,0.440908224
2017/2/5 4:00,0.190638491,0.009335636,0.491021025,0.023164236,0.32152909,0.399871572
2017/2/5 5:00,0.195705521,0.014410296,0.520546194,0.027296175,0.294962004,0.367794757
2017/2/5 6:00,0.232060895,0.021404258,0.587158895,0.029300557,0.292207792,0.362547282
2017/2/5 7:00,0.248352647,0.011447489,0.560466949,0.020950831,0.327158136,0.413115675
2017/2/5 8:00,0.276891616,0,0.592122361,0.007689063,0.374874352,0.48792479
2017/2/5 9:00,0.311361054,0.022646525,0.639072918,0.040658721,0.343311487,0.417891579
2017/2/5 10:00,0.279550102,0.085859276,0.782928232,0.107844711,0.212235133,0.250975749
2017/2/5 11:00,0.165553283,0.197352729,0.443154464,0.183290844,0.09951349,0.126661784
2017/2/5 12:00,0.088616224,0.253875873,0.291694182,0.216137328,0.034879981,0.044819248
2017/2/5 13:00,0.064530788,0.248639718,0.238012057,0.22150101,0.01135861,0.014347778
2017/2/5 14:00,0.06573506,0.240974931,0.254990094,0.214718957,0.009519119,0.011779225
2017/2/5 15:00,0.062485799,0.237167383,0.238161174,0.216984618,0.008644606,0.011036752
2017/2/5 16:00,0.104135424,0.170289945,0.252987666,0.176934303,0.010996743,0.013946442
2017/2/5 17:00,0.07823222,0.168016597,0.216006646,0.182507008,0.010122231,0.014287578
2017/2/5 18:00,0.083844581,0.125531069,0.232111284,0.158991912,0.016153351,0.024421323
2017/2/5 19:00,0.087548284,0.04966583,0.408921458,0.060191181,0.030557678,0.041478122
2017/2/5 20:00,0.12542604,0.093480583,0.281831157,0.108665873,0.058702907,0.071407788
2017/2/5 21:00,0.129356964,0.062628885,0.301067252,0.10014445,0.067387721,0.07856161
2017/2/5 22:00,0.109429675,0.071181893,0.28387619,0.10877785,0.072675003,0.083417781
2017/2/5 23:00,0.179572824,0.0754056,0.349359862,0.10658684,0.082797234,0.094815736
2017/2/6 0:00,0.200477164,0.063809039,0.474532944,0.094903943,0.085943468,0.098126762
2017/2/6 1:00,0.109429675,0.107704539,0.436124662,0.122375547,0.036629006,0.041839325
2017/2/6 2:00,0.138377641,0.073790653,0.373921564,0.101846495,0.033643601,0.038468099
2017/2/6 3:00,0.094660304,0.048112997,0.359286795,0.074225588,0.033774275,0.038698867
2017/2/6 4:00,0.055896387,0.056933092,0.334575975,0.079040584,0.029723373,0.033953064
2017/2/6 5:00,0.037491479,0.065423986,0.311782374,0.08555016,0.022355354,0.026157103
2017/2/6 6:00,0.039900023,0.052858456,0.309524317,0.07212416,0.016052833,0.019665486
2017/2/6 7:00,0.049761418,0.029913787,0.308523102,0.050874724,0.027310924,0.034284166
2017/2/6 8:00,0.02392638,0.080809461,0.267196387,0.091346818,0.020546017,0.025424664
2017/2/6 9:00,0.028470802,0.219235261,0.222397376,0.175840665,0.005066141,0.006762519
2017/2/6 10:00,0.015064758,0.230477776,0.196195386,0.173212946,0.003116079,0.004816037
2017/2/6 11:00,0.014678482,0.218924694,0.169354323,0.161742805,0.003719191,0.00561871
2017/2/6 12:00,0.01454215,0.217384283,0.185544171,0.16689373,0.004945519,0.00723409
2017/2/6 13:00,0.013633265,0.217477453,0.186098034,0.174705968,0.004422822,0.005989947
2017/2/6 14:00,0.013860486,0.200874556,0.200242848,0.171820703,0.006031121,0.007926395
2017/2/6 15:00,0.016041809,0.175942259,0.223377287,0.166856405,0.009016525,0.012040094
2017/2/6 16:00,0.015973642,0.163768044,0.226721769,0.162478118,0.007237345,0.009100304
2017/2/6 17:00,0.022108612,0.139897886,0.252774642,0.156741181,0.006503558,0.009170538
2017/2/6 18:00,0.02263122,0.091430843,0.28764672,0.116802843,0.006905633,0.00899997
2017/2/6 19:00,0.006816633,0.063666178,0.256822103,0.090103877,0.008714969,0.011578557
2017/2/6 20:00,0.023540105,0.075300007,0.218349914,0.109710988,0.01474609,0.018662145
2017/2/6 21:00,0.018086798,0.064324579,0.259889653,0.096075965,0.015751277,0.021110297
2017/2/6 22:00,0.018632129,0.060001491,0.318599152,0.082388686,0.01582164,0.019635386
2017/2/6 23:00,0.015814588,0.059728192,0.253349807,0.093985734,0.018133569,0.022414641
2017/2/7 0:00,0.021040673,0.05287709,0.274503121,0.082564116,0.022355354,0.026789208
2017/2/7 1:00,0.02090434,0.04910681,0.277059412,0.07925334,0.02265691,0.027130344
2017/2/7 2:00,0.022335833,0.038218341,0.304965597,0.066723153,0.021681878,0.026658774
2017/2/7 3:00,0.026039536,0.052299436,0.272159853,0.085945811,0.023662096,0.029568463
2017/2/7 4:00,0.036946149,0.04989565,0.277357647,0.080660513,0.027743155,0.032277484
2017/2/7 5:00,0.036128153,0.051715571,0.282747161,0.076218773,0.030798922,0.036521617
2017/2/7 6:00,0.038763917,0.04970931,0.322369682,0.068466256,0.033040489,0.039601874
2017/2/7 7:00,0.041195183,0.047765162,0.305327738,0.070172033,0.0352519,0.041909559
2017/2/7 8:00,0.053851397,0.034802107,0.327546173,0.060355414,0.041916288,0.051110197
2017/2/7 9:00,0.06271302,0.045777535,0.313273545,0.076166517,0.034146194,0.040755717
2017/2/7 10:00,0.049988639,0.048386295,0.427752807,0.073169275,0.034146194,0.056287437
2017/2/7 11:00,0.08125426,0.117083654,0.347858041,0.145868248,0.019339793,0.024050087
2017/2/7 12:00,0.095501022,0.123456483,0.347858041,0.154453125,0.023621889,0.027260778
2017/2/7 13:00,0.076800727,0.134226937,0.368169908,0.154624822,0.028316111,0.032307584
2017/2/7 14:00,0.079981822,0.171513578,0.24084528,0.167640241,0.029150416,0.0343845
2017/2/7 15:00,0.082026812,0.152798827,0.20429031,0.161231445,0.024395883,0.028695556
2017/2/7 16:00,0.061645081,0.143811026,0.198964702,0.152150138,0.022455872,0.026759108
2017/2/7 17:00,0.047102931,0.144121593,0.231770445,0.151627581,0.018163725,0.021571834
2017/2/7 18:00,0.06271302,0.099959005,0.273161068,0.125051789,0.019168912,0.02194307
2017/2/7 19:00,0.071483754,0.060889712,0.3014933,0.086990926,0.022083953,0.026227337
2017/2/7 20:00,0.091411043,0.063809039,0.280680826,0.09644922,0.027783362,0.031675479
2017/2/7 21:00,0.098613951,0.076064002,0.25170952,0.112835137,0.032568051,0.037695526
2017/2/7 22:00,0.099500114,0.070542125,0.249174531,0.104067365,0.052360179,0.058484754
2017/2/7 23:00,0.105953192,0.078716241,0.233751571,0.114888042,0.048992803,0.056026568
2017/2/8 0:00,0.107157464,0.050808716,0.289500032,0.081668303,0.051334888,0.058063351
2017/2/8 1:00,0.101340604,0.054616264,0.275078286,0.087155159,0.051435407,0.057591781
2017/2/8 2:00,0.162076801,0.042317822,0.321879726,0.069447918,0.076896787,0.085986334
2017/2/8 3:00,0.166007726,0.031615692,0.358796839,0.057641846,0.090607535,0.100374246
2017/2/8 4:00,0.154805726,0.029478993,0.368595957,0.051595107,0.093884444,0.10508995
2017/2/8 5:00,0.148284481,0.02978956,0.389962295,0.051147201,0.088094568,0.098467898
2017/2/8 6:00,0.180777096,0.032149867,0.404533157,0.053360606,0.099684371,0.11197287
2017/2/8 7:00,0.178141332,0.029541107,0.42200115,0.05316278,0.095161031,0.106223725
2017/2/8 8:00,0.200545331,0.040063107,0.429158767,0.064199946,0.104177556,0.114049786
2017/2/8 9:00,0.256759827,0.071405501,0.540080523,0.089155808,0.117848096,0.129531339
2017/2/8 10:00,0.253578732,0.115301001,0.488102593,0.113230788,0.11469181,0.124584868
2017/2/8 11:00,0.300977051,0.160562995,0.424195301,0.12814981,0.099654216,0.109334082
2017/2/8 12:00,0.461395137,0.22286268,0.548963637,0.164269744,0.111113345,0.123681861
2017/2/8 13:00,0.337786867,0.246962657,0.301770232,0.189315188,0.069629287,0.081742202
2017/2/8 14:00,0.039150193,0.30743621,0.126387321,0.206955243,0.011831048,0.016755797
2017/2/8 15:00,0.0310384,0.280044225,0.105148797,0.191603244,0.009287926,0.013484905
2017/2/8 16:00,0.028084526,0.251745385,0.110623522,0.185493052,0.008815488,0.012381229
2017/2/8 17:00,0.02392638,0.2175582,0.113179814,0.172593342,0.009247718,0.012240762
2017/2/8 18:00,0.023244717,0.13074859,0.177662271,0.142620925,0.010695187,0.013715673
2017/2/8 19:00,0.027630084,0.097766404,0.232324308,0.122614431,0.01582164,0.019504951
2017/2/8 20:00,0.031424676,0.104039852,0.247811175,0.115347146,0.017630976,0.021009963
2017/2/8 21:00,0.039150193,0.161972968,0.191913597,0.136928779,0.013881629,0.018752446
2017/2/8 22:00,0.021722336,0.197042163,0.149330039,0.147969677,0.009388444,0.014819348
2017/2/8 23:00,0.011133833,0.181265373,0.142726285,0.137693953,0.009589482,0.014347778
2017/2/9 0:00,0.007952738,0.194619742,0.121487762,0.13972073,0.007880664,0.012180561
2017/2/9 1:00,0.006203136,0.219154513,0.091174403,0.144920179,0.007237345,0.011638757
2017/2/9 2:00,0.006657578,0.196731596,0.104232793,0.138003755,0.006734751,0.010976552
2017/2/9 3:00,0.006952965,0.154059728,0.148967897,0.119576131,0.00747859,0.009973211
2017/2/9 4:00,0.014383095,0.135630699,0.162878384,0.116903622,0.00898637,0.011708991
2017/2/9 5:00,0.024085435,0.158699595,0.140809066,0.130699145,0.008142013,0.010434748
2017/2/9 6:00,0.035582822,0.126586996,0.189165584,0.120658572,0.009287926,0.012140428
2017/2/9 7:00,0.019541013,0.109835027,0.204929382,0.121255781,0.01065498,0.013545105
2017/2/9 8:00,0.024835265,0.128177098,0.185395054,0.124518034,0.010393631,0.013384571
2017/2/9 9:00,0.0334015,0.174699993,0.166158959,0.135939652,0.00969,0.013515005
2017/2/9 10:00,0.013406044,0.270708589,0.11665211,0.155770717,0.00683527,0.015551787
2017/2/9 11:00,0.02726653,0.275659023,0.125322199,0.162937222,0.00516666,0.009902977
2017/2/9 12:00,0.022040445,0.276379537,0.118782353,0.173026318,0.00516666,0.008327731
2017/2/9 13:00,0.024153601,0.264683595,0.117227276,0.170365007,0.005096297,0.008197297
2017/2/9 14:00,0.034901159,0.262404035,0.11445796,0.179110383,0.004764585,0.006892954
2017/2/9 15:00,0.027107476,0.290131432,0.065611486,0.186217168,0.00452334,0.006792619
2017/2/9 16:00,0.025812315,0.264515889,0.066740515,0.188131968,0.005196816,0.007695626
2017/2/9 17:00,0.02876619,0.250105593,0.062629146,0.18879263,0.007679627,0.011377888
2017/2/9 18:00,0.02294933,0.191638302,0.098118995,0.171645273,0.006604077,0.009902977
2017/2/9 19:00,0.030970234,0.121220403,0.169141299,0.139011545,0.010896225,0.014849449
2017/2/9 20:00,0.033537832,0.118301076,0.186396268,0.134506351,0.012836235,0.016093592
2017/2/9 21:00,0.033765053,0.119586822,0.185395054,0.135379769,0.013640384,0.017327701
2017/2/9 22:00,0.025221541,0.134475391,0.177449247,0.131632284,0.012062241,0.015290919
2017/2/9 23:00,0.012951602,0.141494199,0.158490084,0.136734686,0.008011339,0.010203979
2017/2/10 0:00,0.014905703,0.113046287,0.186673199,0.117026796,0.012635198,0.015551787
2017/2/10 1:00,0.034514883,0.091014684,0.185895661,0.105455876,0.012796028,0.015622021
2017/2/10 2:00,0.050738469,0.08699595,0.185895661,0.091234841,0.017088175,0.0214715
2017/2/10 3:00,0.021495115,0.131574698,0.165157744,0.119613457,0.01049415,0.012511664
2017/2/10 4:00,0.013542377,0.151637308,0.133268006,0.129728681,0.005226971,0.006321049
2017/2/10 5:00,0.028925244,0.130723745,0.158127942,0.117127575,0.005267179,0.007163856
2017/2/10 6:00,0.017723245,0.135469204,0.16117419,0.117560551,0.005397853,0.007625393
2017/2/10 7:00,0.012724381,0.112878581,0.173465692,0.10962514,0.005900446,0.007996629
2017/2/10 8:00,0.008770734,0.112114587,0.185182029,0.111192813,0.006975996,0.009331072
2017/2/10 9:00,0.01217905,0.18609158,0.153867456,0.142557472,0.006171847,0.008167197
2017/2/10 10:00,0.015223813,0.265118388,0.119932684,0.165912068,0.004121266,0.006862853
2017/2/10 11:00,0.019313792,0.274640364,0.111411712,0.173227876,0.003890073,0.006491617
2017/2/10 12:00,0.020745285,0.255844866,0.103018554,0.176833524,0.003116079,0.005317708
2017/2/10 13:00,0.022563054,0.27592611,0.063119102,0.180491428,0.003487998,0.005759178
2017/2/10 14:00,0.0267212,0.277149743,0.057090514,0.188143166,0.003990591,0.006722386
2017/2/10 15:00,0.035219268,0.255347959,0.063481243,0.18944956,0.004392666,0.005959846
2017/2/10 16:00,0.039604635,0.230086462,0.071001001,0.188591072,0.005769772,0.008468199
2017/2/10 17:00,0.036128153,0.211123258,0.092665573,0.185843912,0.006000965,0.007665526
2017/2/10 18:00,0.027561918,0.144494273,0.214728501,0.157562343,0.007237345,0.009130404
2017/2/10 19:00,0.024539877,0.095548958,0.210318897,0.137790999,0.013037272,0.016123692
2017/2/10 20:00,0.026266758,0.078219335,0.248450248,0.116653541,0.024697439,0.02923736
2017/2/10 21:00,0.041195183,0.079710055,0.27011482,0.110110372,0.035121226,0.041979793
2017/2/10 22:00,0.100340832,0.084803349,0.350701915,0.126421637,0.08202324,0.096722085
2017/2/10 23:00,0.084299023,0.070684986,0.337984364,0.100043671,0.072212617,0.084019786
2017/2/11 0:00,0.077323336,0.060827598,0.333936902,0.082265512,0.06668409,0.07682583
2017/2/11 1:00,0.052624404,0.061864891,0.359648936,0.081295047,0.038870572,0.046123592
2017/2/11 2:00,0.057782322,0.039727695,0.361992203,0.059519322,0.057335853,0.068397765
2017/2/11 3:00,0.091411043,0.041199781,0.335726306,0.063016726,0.076766113,0.093380959
2017/2/11 4:00,0.126789366,0.043063182,0.324350808,0.064110364,0.085008645,0.102812365
2017/2/11 5:00,0.111179277,0.040870581,0.317193192,0.061833506,0.093120502,0.113377547
2017/2/11 6:00,0.096114519,0.042088002,0.3269071,0.059881379,0.077540107,0.095186973
2017/2/11 7:00,0.101704158,0.031864146,0.316191978,0.054805105,0.086988863,0.106193625
2017/2/11 8:00,0.132310838,0.043560088,0.345163283,0.066125944,0.090004423,0.11121033
2017/2/11 9:00,0.106441718,0.058759224,0.446285921,0.07942877,0.097241768,0.114451122
2017/2/11 10:00,0.072778914,0.124431663,0.339134695,0.14291953,0.022857947,0.029096893
2017/2/11 11:00,0.076641672,0.152134215,0.265066144,0.164691523,0.01431386,0.017458136
2017/2/11 12:00,0.07284708,0.160252429,0.239652344,0.16379571,0.01367054,0.016896265
2017/2/11 13:00,0.085435128,0.18441452,0.228702895,0.182096427,0.016856982,0.020809295
2017/2/11 14:00,0.08997955,0.189756267,0.217412607,0.197810483,0.019902698,0.024080187
2017/2/11 15:00,0.082549421,0.206669731,0.152951452,0.211609739,0.019902698,0.023578516
2017/2/11 16:00,0.088843445,0.185694055,0.156998914,0.208612497,0.022114109,0.025725666
2017/2/11 17:00,0.078618496,0.166687371,0.258398483,0.189300258,0.017962687,0.021210631
2017/2/11 18:00,0.080731652,0.109480981,0.322092751,0.141549682,0.019500623,0.024019987
2017/2/11 19:00,0.095773688,0.086374817,0.296955883,0.123719267,0.042891319,0.052514875
2017/2/11 20:00,0.100886162,0.101014932,0.247598151,0.13989616,0.070966186,0.083076645
2017/2/11 21:00,0.06475801,0.102505652,0.260102678,0.137481197,0.04617828,0.053478082
2017/2/11 22:00,0.076641672,0.068200452,0.329250367,0.104623516,0.077801456,0.088263919
2017/2/11 23:00,0.093615087,0.062274839,0.350211959,0.075845517,0.082264485,0.092578286
2017/2/12 0:00,0.096341741,0.062523293,0.363909422,0.067895175,0.097070886,0.111240431
2017/2/12 1:00,0.095205635,0.068014112,0.385914833,0.080944187,0.109163283,0.123611627
2017/2/12 2:00,0.096637128,0.056790231,0.366742645,0.068716337,0.104780668,0.120441069
2017/2/12 3:00,0.081640536,0.053417476,0.361076199,0.067708547,0.102197338,0.117862482
2017/2/12 4:00,0.093978641,0.044572536,0.336493194,0.067197187,0.11318403,0.130173478
2017/2/12 5:00,0.106703022,0.040373674,0.351490105,0.057667974,0.109263801,0.127765459
2017/2/12 6:00,0.135719155,0.048609903,0.342820016,0.068141524,0.132081541,0.152848987
2017/2/12 7:00,0.133151556,0.080474049,0.313209637,0.088435425,0.17497286,0.201942468
2017/2/12 8:00,0.155873665,0.059771671,0.395586136,0.070395987,0.169273451,0.196825429
2017/2/12 9:00,0.212133606,0.064784218,0.38755512,0.080623187,0.184089904,0.207490945
2017/2/12 10:00,0.255078391,0.146127854,0.38755512,0.133450038,0.163011137,0.186721784
2017/2/12 11:00,0.2510793,0.218179334,0.517925995,0.169122066,0.143982952,0.175755265
2017/2/12 12:00,0.24848898,0.263025168,0.379524104,0.182757089,0.128332194,0.156290447
2017/2/12 13:00,0.214633038,0.276174563,0.260230492,0.192562511,0.099081259,0.119237059
2017/2/12 14:00,0.200249943,0.308703322,0.164028716,0.233706464,0.086285232,0.105451152
2017/2/12 15:00,0.18986594,0.305697036,0.149969111,0.262857719,0.085782638,0.103113368
2017/2/12 16:00,0.169279709,0.319548312,0.111901668,0.285465804,0.086084194,0.104788947
2017/2/12 17:00,0.152987957,0.265677408,0.128453657,0.272375734,0.079650999,0.09779566
2017/2/12 18:00,0.278936605,0.192116574,0.150522975,0.224199647,0.175676491,0.204982592
2017/2/12 19:00,0.285685072,0.143295486,0.184819888,0.188915805,0.220537976,0.245357039
2017/2/12 20:00,0.253351511,0.129667818,0.26108259,0.215491596,0.192131398,0.20903609
2017/2/12 21:00,0.23017496,0.143295486,0.261657755,0.202326875,0.17373648,0.189802041
2017/2/12 22:00,0.207907294,0.109294641,0.26108259,0.158058773,0.187809095,0.202715041
2017/2/12 23:00,0.197909566,0.12530125,0.206761391,0.169667019,0.182009167,0.196755195
2017/2/13 0:00,0.369339243,0.341151614,0.397999931,0.37691737,0.331238589,0.309642335
2017/2/13 1:00,0.260294586,0.322935505,0.31559168,0.33034145,0.370325987,0.260294586
2017/2/13 2:00,0.336559212,0.344804629,0.457724953,0.344355081,0.398152826,0.286868819
2017/2/13 3:00,0.310242874,0.264549281,0.330810905,0.295037697,0.349923886,0.366180289
2017/2/13 4:00,0.334622132,0.376287927,0.404052623,0.255164645,0.290614613,0.301261552
2017/2/13 5:00,0.249359223,0.316962954,0.362710824,0.236810818,0.313809972,0.295877095
2017/2/13 6:00,0.31194327,0.254501625,0.490072736,0.419376545,0.396741528,0.28782387
2017/2/13 7:00,0.08836154,0.076699512,0.214358785,0.201241984,0.359266317,0.352656102
2017/2/13 8:00,0.08236953,0.18836223,0.662170551,0.107884393,0.110602558,0.106928112
2017/2/13 9:00,0.09354131,0.110383737,0.749422199,0.14913846,0.134172487,0.143928998
2017/2/13 10:00,0.186994027,0.074761891,0.380382054,0.124858204,0.205391263,0.093166353
2017/2/13 11:00,0.087586746,0.122372805,0.354950119,0.079634303,0.074734966,0.085351034
2017/2/13 12:00,0.249781278,0.291917164,0.346427211,0.292455559,0.359402058,0.428746411
2017/2/13 13:00,0.362801197,0.339544385,0.370181021,0.368545759,0.363336916,0.31196495
2017/2/13 14:00,0.31032762,0.390812548,0.370640426,0.313644869,0.363184412,0.321762271
2017/2/13 15:00,0.341978157,0.349356587,0.389860743,0.29083765,0.364030445,0.358290216
2017/2/13 16:00,0.330908226,0.373589514,0.427327882,0.294190798,0.33312212,0.365623461
2017/2/13 17:00,0.285658336,0.353536761,0.449023436,0.2665277,0.345505937,0.450883614
2017/2/13 18:00,0.28671398,0.242370763,0.420737489,0.267177631,0.257166538,0.242370763
2017/2/13 19:00,0.406623579,0.328253219,0.341739733,0.313902723,0.39333934,0.382053838
2017/2/13 20:00,0.11324178,0.111790578,0.139871519,0.17174938,0.121042185,0.325688514
2017/2/13 21:00,0.08989371,0.088984759,0.134832529,0.088984759,0.102741867,0.172455784
2017/2/13 22:00,0.167380229,0.193817821,0.179314051,0.153680879,0.215481562,0.279714676
2017/2/13 23:00,0.203845028,0.227365523,0.400833797,0.265231625,0.213320938,0.225478624
2017/2/14 0:00,0.347933724,0.316820926,0.46929816,0.351311832,0.351771008,0.29980891
2017/2/14 1:00,0.254647729,0.320658044,0.325905782,0.283259045,0.50585314,0.468526886
2017/2/14 2:00,0.318986323,0.15818979,0.307552532,0.213842136,0.156836032,0.177844799
2017/2/14 3:00,0.356950925,0.221100736,0.386012547,0.218264815,0.264342812,0.213587056
2017/2/14 4:00,0.294725646,0.081188453,0.433440956,0.089489287,0.079875127,0.10607749
2017/2/14 5:00,0.175219343,0.128098282,0.267282257,0.172043345,0.143257468,0.259936098
2017/2/14 6:00,0.237223662,0.230371268,0.361580803,0.232771136,0.21950312,0.412103522
2017/2/14 7:00,0.346786798,0.324173543,0.355638018,0.326367529,0.319464899,0.350461076
2017/2/14 8:00,0.336704157,0.269119507,0.29260167,0.296111791,0.336036781,0.509496047
2017/2/14 9:00,0.277091741,0.346801845,0.420116471,0.316356311,0.272561549,0.433697357
2017/2/14 10:00,0.312585641,0.31893005,0.42241853,0.327940165,0.324875271,0.426249444
2017/2/14 11:00,0.337129581,0.274063635,0.440845,0.222576518,0.279612396,0.304976497
2017/2/14 12:00,0.313200396,0.245405281,0.245405281,0.281613875,0.245405281,0.261414614
2017/2/14 13:00,0.290463174,0.340650237,0.450988793,0.273979581,0.310072084,0.332579614
2017/2/14 14:00,0.310534593,0.342819043,0.384518403,0.324701816,0.410693975,0.354569793
2017/2/14 15:00,0.303020131,0.285810221,0.366487914,0.294806058,0.295399251,0.258212418
2017/2/14 16:00,0.283854414,0.31626229,0.372393098,0.270937269,0.223321279,0.264757515
2017/2/14 17:00,0.241083905,0.293753412,0.363915727,0.261163931,0.322895153,0.298003167
2017/2/14 18:00,0.307877021,0.403740377,0.399815819,0.304838741,0.342280586,0.35388815
2017/2/14 19:00,0.33555523,0.268327878,0.329366467,0.339182269,0.268327878,0.299045112
2017/2/14 20:00,0.341092474,0.334819973,0.414371675,0.329727707,0.386839831,0.327180781
2017/2/14 21:00,0.383657263,0.365436118,0.349028895,0.385149306,0.362394949,0.385091024
2017/2/14 22:00,0.350151386,0.370070604,0.461511721,0.325117566,0.407747119,0.350107952
2017/2/14 23:00,0.376921598,0.335056692,0.434930092,0.365187689,0.398169906,0.420518045
2017/2/15 0:00,0.324746627,0.327669887,0.483961007,0.327246991,0.394397659,0.36418206
2017/2/15 1:00,0.409993866,0.391887335,0.374373432,0.355402043,0.351260078,0.412912058
2017/2/15 2:00,0.310931516,0.359305491,0.481983968,0.305916294,0.439642855,0.402273075
2017/2/15 3:00,0.325362847,0.349238577,0.399631694,0.267651815,0.378374276,0.359300739
2017/2/15 4:00,0.347962082,0.234340137,0.401968048,0.266180023,0.282712711,0.36248948
2017/2/15 5:00,0.339102131,0.250147966,0.28746918,0.207293009,0.307415467,0.251755272
2017/2/15 6:00,0.269200641,0.203133228,0.346424307,0.283992239,0.257255124,0.21840547
2017/2/15 7:00,0.218482303,0.213703041,0.313559376,0.254617182,0.245162291,0.213703041
2017/2/15 8:00,0.249079225,0.317233847,0.300187856,0.23018606,0.208965528,0.357702668
2017/2/15 9:00,0.205209387,0.256462643,0.493155786,0.251706938,0.330797188,0.251696671
2017/2/15 10:00,0.348859068,0.232112946,0.514742075,0.260747293,0.222537602,0.231344755
2017/2/15 11:00,0.296107031,0.23459388,0.313587783,0.20123387,0.291640997,0.284850392
2017/2/15 12:00,0.259423508,0.206244854,0.375377095,0.161750202,0.229990136,0.330750423
2017/2/15 13:00,0.186310191,0.159016945,0.388292066,0.253771258,0.294029535,0.300777846
2017/2/15 14:00,0.402728121,0.260731119,0.272630187,0.199347784,0.155089167,0.244304228
2017/2/15 15:00,0.287710426,0.164393111,0.369959479,0.248174064,0.189282676,0.236416976
2017/2/15 16:00,0.169292625,0.266332115,0.237621641,0.206537555,0.173590226,0.166236394
2017/2/15 17:00,0.319604149,0.255196545,0.285390563,0.241433923,0.205630836,0.217941522
2017/2/15 18:00,0.149788647,0.170228777,0.16444286,0.133831627,0.227385935,0.220470185
2017/2/15 19:00,0.265332611,0.315870876,0.325051677,0.257770528,0.236270675,0.276231035
2017/2/15 20:00,0.309325571,0.406834679,0.297716776,0.303644993,0.322670775,0.368075812
2017/2/15 21:00,0.319474317,0.303799589,0.332191522,0.273526934,0.279034434,0.356540695
2017/2/15 22:00,0.284781161,0.320822871,0.443105837,0.287624727,0.403881887,0.312897562
2017/2/15 23:00,0.399210537,0.373881956,0.382799566,0.303588439,0.35095991,0.328198765
