"   ","STATIONCODE","CO","NO2","SO2","O3","PM25","PM10","TEMPERATURE","HUMIDITY","RECEIVETIME","PM05N","PM1N","PM25N","PM10N"
"1","XH808A016112200870","447.74","996.04","603.87","1274.91","82.17","90.74","15.17","64.39","2017/10/15 16:00:00","5307.35","2528","595.91","55.96"
"2","XH808A016112200870","448.5","915.21","466.71","1171.57","66.82","75.36","15","65.11","2017/10/15 17:00:00","4318.5","2044.04","498.25","48.96"
"3","XH808A016112200870","465.73","935.83","302.67","1205.93","69.47","79","14.73","67.23","2017/10/15 18:00:00","4422.37","2100.27","522.73","54.87"
"4","XH808A016112200870","440.56","769","454.25","990.25","75.88","86.44","14","68.94","2017/10/15 19:00:00","4710.44","2280.56","578.75","62.69"
"5","XH808A016112200870","426.37","494.7","1103.03","648.7","37.03","41.2","11.53","74.83","2017/10/16 10:00:00","2582.6","1151.8","281.9","30.8"
"6","XH808A016112200870","432.73","555.93","816.6","723.53","38.27","43.33","12.67","70.73","2017/10/16 11:00:00","2567.23","1167.4","296.37","32.7"
"7","XH808A016112200870","414.9","542.77","725.77","706.13","36.73","41.8","13.87","67.17","2017/10/16 12:00:00","2476","1125.73","284.33","32.83"
"8","XH808A016112200870","425.23","682.03","566.47","891.13","38.33","44.57","14.93","64.13","2017/10/16 13:00:00","2491.97","1158.27","307.57","38.9"
"9","XH808A016112200870","402.77","605.33","604.77","796.57","32.57","37.5","14.57","63.5","2017/10/16 14:00:00","2173.83","979.87","255.67","30.13"
"10","XH808A016112200870","397.47","639.03","539.13","832.23","22.3","25.43","15","61.23","2017/10/16 15:00:00","1618.93","690.03","178","21.53"
"11","XH808A016112200870","379.13","568.53","582.83","746.67","13.67","16.07","14.93","60.83","2017/10/16 16:00:00","1101.57","420.13","109.83","15.07"
"12","XH808A016112200870","381.33","555.33","537.7","723.57","14.97","16.33","14.07","61.4","2017/10/16 17:00:00","1207.83","463.7","112.1","12.4"
"13","XH808A016112200870","409.77","606.8","442.47","791.9","14.6","16.97","14","62.63","2017/10/16 18:00:00","1171.97","449.63","114.37","14.53"
"14","XH808A016112200870","421.47","588.5","414.67","756.37","15.8","19.27","13.57","63.6","2017/10/16 19:00:00","1217.87","482.9","134.23","20.7"
"15","XH808A016112200870","400.93","584","398.23","746.87","15.43","17.53","12.9","66.07","2017/10/16 20:00:00","1214.9","478.4","125.33","16.97"
"16","XH808A016112200870","381.74","533.58","450.21","669.53","12","13.37","12","67.89","2017/10/16 21:00:00","1035","382.79","94.32","12.11"
"17","XH808A016112200870","427.5","550.34","879.59","777.59","19.56","21.78","10.97","76.84","2017/10/17 11:00:00","1511.44","612.56","153.19","18.06"
"18","XH808A016112200870","449.07","1059.93","60.33","1400.73","64.27","77","13.87","68.13","2017/10/18 12:00:00","4025.27","1941.33","515.13","67.27"
"19","XH808A016112200870","434.9","1073.57","63.13","1413.9","67.33","76.13","14.63","65.83","2017/10/18 13:00:00","4294.77","2044.2","504.73","53.1"
"20","XH808A016112200870","433.53","984.7","99.97","1309.7","70.27","78.5","15.3","64.1","2017/10/18 14:00:00","4420.9","2126.73","522.33","50.23"
"21","XH808A016112200870","417.1","871.67","138.23","1149.43","50.1","58.07","16","61.7","2017/10/18 15:00:00","3171.13","1509.93","389.47","45"
"22","XH808A016112200870","411.07","899.47","214.53","1196.43","57","63.37","16","61.7","2017/10/18 16:00:00","3670.3","1737.1","427","38.4"
"23","XH808A016112200870","435.23","967.03","64.6","1288.67","58.97","66.73","16","62.9","2017/10/18 17:00:00","3750.4","1788.27","440.33","42.87"
"24","XH808A016112200870","401.7","817.93","169.67","1088.97","61.47","68","16","62","2017/10/18 18:00:00","3863.03","1858.3","456.7","42"
"25","XH808A016112200870","521.6","1024.47","37.67","1390.73","80.17","91.73","15.23","67.23","2017/10/18 19:00:00","4963.47","2431.7","615.3","64.33"
"26","XH808A016112200870","487.23","801.17","170.7","1061.9","102.2","113.73","13.87","73.37","2017/10/18 20:00:00","6316.23","3089.2","754.87","70.77"
"27","XH808A016112200870","456.57","634.8","332.37","808.5","99.2","109.43","13","76.07","2017/10/18 21:00:00","6219.87","3014.17","723.67","66.03"
"28","XH808A016112200870","360.1","622.97","386.77","799.2","7.67","7.87","12.03","69.4","2017/10/18 22:00:00","728.33","239.53","58.47","6.37"
"29","XH808A016112200870","359.07","506.47","437.07","642.83","11.07","11.63","11.87","71.47","2017/10/18 23:00:00","948.6","343.73","82.27","8.07"
"30","XH808A016112200870","390","522.1","303.67","665.97","21","22.73","11","76.07","2017/10/19","1552.77","648.8","160.53","17.37"
"31","XH808A016112200870","407.43","470.97","364.33","598.13","27.57","31.3","10.27","78.9","2017/10/19 1:00:00","1896.23","821.73","218.43","26.77"
"32","XH808A016112200870","383.5","445.1","407.1","556.9","19.63","22.43","9.43","79.73","2017/10/19 2:00:00","1433.73","590.6","156.57","21.37"
"33","XH808A016112200870","371.63","411.83","457.33","505.07","17.17","19.33","9","80.43","2017/10/19 3:00:00","1277.4","513.7","136.37","16.83"
"34","XH808A016112200870","374.77","375.47","485.57","462.4","16.9","18.33","8.27","81.23","2017/10/19 4:00:00","1308.37","521.7","129.67","13.93"
"35","XH808A016112200870","385.47","386.53","476.6","474.2","20.53","21.97","8","82.1","2017/10/19 5:00:00","1558.23","631.33","153.2","15.67"
"36","XH808A016112200870","384.53","382.17","490.3","463.23","24.73","26.87","7.33","82.53","2017/10/19 6:00:00","1785.43","761.73","192.27","21.87"
"37","XH808A016112200870","451.73","524.33","365.07","661.5","28","29.17","7","82.8","2017/10/19 7:00:00","2090.53","882.47","202.93","18.57"
"38","XH808A016112200870","517.13","639.77","252.77","809.17","35.73","38","7","83.33","2017/10/19 8:00:00","2531.93","1105.77","265.87","26.5"
"39","XH808A016112200870","479.97","533.1","372","663.67","38.27","41.33","8.07","81.77","2017/10/19 9:00:00","2583.3","1145.57","286.6","29.47"
"40","XH808A016112200870","458.5","634","260.83","807.3","44.13","48.57","9.93","77.97","2017/10/19 10:00:00","2881.73","1316.57","320.77","33.97"
"41","XH808A016112200870","442.3","740.5","176.13","950.6","56","63.27","11.83","73.17","2017/10/19 11:00:00","3563.2","1695.73","441.37","49.27"
"42","XH808A016112200870","435.43","898.87","78.13","1165.87","61.13","68.8","12.5","71.17","2017/10/19 12:00:00","3838.83","1834.3","478.27","50.73"
"43","XH808A016112200870","425.27","827.13","127.8","1079.33","53.9","61.17","13.93","65.1","2017/10/19 13:00:00","3368.17","1607.9","414.43","44.77"
"44","XH808A016112200870","422.5","860.33","130.33","1133.77","57.63","65.83","16.17","60.3","2017/10/19 14:00:00","3624.2","1741.93","442","45.87"
"45","XH808A016112200870","442.6","969.2","77.03","1294","57.03","67.1","20.23","49.8","2017/10/19 15:00:00","3522.73","1708.63","444.53","48"
"46","XH808A016112200870","402","797.13","237.33","1060.3","53","60.9","18.47","54.03","2017/10/19 16:00:00","3355.07","1606.73","406.27","42.87"
"47","XH808A016112200870","390.97","752.77","232.33","1002.83","50.1","57.17","18","55.9","2017/10/19 17:00:00","3173.97","1498.8","371.9","36.8"
"48","XH808A016112200870","401.43","736.17","241","995.83","49.93","56.33","18","56.9","2017/10/19 18:00:00","3282.9","1551.8","375.7","35.83"
"49","XH808A016112200870","494.57","805.5","123.37","1083.23","73.6","86.33","17.33","62.47","2017/10/19 19:00:00","4575","2215.7","561.57","62.23"
"50","XH808A016112200870","510.67","871.73","126.37","1156.6","89.23","101.9","15.6","69.53","2017/10/19 20:00:00","5514.63","2679.3","676.23","70.73"
"51","XH808A016112200870","478.23","744.53","180.57","969.03","79.87","89","14.3","71.77","2017/10/19 21:00:00","5087.5","2443.87","594.43","57.4"
"52","XH808A016112200870","483.47","772.87","113.97","1011.6","76","85.03","13.27","74.2","2017/10/19 22:00:00","4801.57","2306","574.83","56.53"
"53","XH808A016112200870","440.97","636.83","268.93","818.67","75.73","83.9","12.47","75.43","2017/10/19 23:00:00","4838.37","2312.23","570.2","55.03"
"54","XH808A016112200870","417.97","449.17","483.83","561.47","71.37","78.73","12","76.3","2017/10/20","4551.1","2173.27","533.53","51.7"
"55","XH808A016112200870","414.6","404.3","517.43","499.6","64.7","70.67","11","77.9","2017/10/20 1:00:00","4201.03","1969.33","482","47.3"
"56","XH808A016112200870","393.6","407.17","518","500.2","40.23","43.53","11","77.93","2017/10/20 2:00:00","2686.5","1220.97","303.63","28.83"
"57","XH808A016112200870","394.27","383.17","545.23","465","44.83","49.4","10.47","78.13","2017/10/20 3:00:00","3003.13","1380.73","343.23","36.77"
"58","XH808A016112200870","379.17","354.53","556.93","430.4","38.43","41.63","10","78.37","2017/10/20 4:00:00","2562.6","1160.57","291.17","29.63"
"59","XH808A016112200870","372.93","339.23","561.47","406.97","31.93","35.4","9.83","78.93","2017/10/20 5:00:00","2196.23","980.4","248.47","28.2"
"60","XH808A016112200870","390.27","353.07","545.93","435.23","35.03","37.63","9","79.67","2017/10/20 6:00:00","2327.23","1035.47","261.87","25.23"
"61","XH808A016112200870","415.77","479.93","429.43","590.93","46.07","49.47","9","80.13","2017/10/20 7:00:00","3068.93","1402.8","345.67","33.6"
"62","XH808A016112200870","432.43","412.13","500.83","497.33","45.7","49.43","8.2","80.53","2017/10/20 8:00:00","3090.07","1400.03","342.03","35.23"
"63","XH808A016112200870","419.17","378.57","554.7","449.57","41.7","46.9","9","78.9","2017/10/20 9:00:00","2759.23","1242.2","315.57","36.23"
"64","XH808A016112200870","424.93","466.3","472.73","575.93","38.5","42.57","9.93","76.37","2017/10/20 10:00:00","2618.4","1178.4","288.47","31.03"
"65","XH808A016112200870","452.9","600","343.07","762.8","48.27","54.4","11.4","73.7","2017/10/20 11:00:00","3145.73","1459.47","371.6","41.87"
"66","XH808A016112200870","450.03","705.33","247.1","904.23","70.5","80.43","12.33","72.23","2017/10/20 12:00:00","4360.7","2090.27","541.93","61.9"
"67","XH808A016112200870","441.13","805.63","216.67","1035.73","74.63","85.3","13.47","69.2","2017/10/20 13:00:00","4617.33","2236.23","573.6","63"
"68","XH808A016112200870","445.07","950.7","149.5","1248.1","88.6","100.6","15.37","65.1","2017/10/20 14:00:00","5374.93","2645.23","665.63","67.13"
"69","XH808A016112200870","437.73","930.97","181.23","1253.97","82.97","95.77","18.73","55.53","2017/10/20 15:00:00","4984.63","2473.53","634.23","63.27"
"70","XH808A016112200870","412.07","698.17","283.53","930.1","45.6","52.67","18.13","59.53","2017/10/20 16:00:00","2884.47","1368.37","352.87","38.67"
"71","XH808A016112200870","434.73","801.07","197.4","1065.33","39.17","46.07","17.83","61.07","2017/10/20 17:00:00","2570.9","1189.6","311.93","37.27"
"72","XH808A016112200870","446.2","863.03","135.43","1149.73","43.2","50.63","17","62.7","2017/10/20 18:00:00","2674.5","1266.27","341.37","39.27"
"73","XH808A016112200870","455.67","786.93","268.13","1053.4","37.33","44.43","16.3","57.67","2017/10/20 19:00:00","2341.3","1101.87","302.8","39"
"74","XH808A016112200870","448.73","810.87","207.73","1084.4","40.9","48.7","15.7","58.67","2017/10/20 20:00:00","2518","1202.07","335.33","43.1"
"75","XH808A016112200870","419.3","545.03","431.07","713.53","46.1","52.37","14.67","64.27","2017/10/20 21:00:00","2941.53","1383.6","355.87","36.5"
"76","XH808A016112200870","438.23","561.03","359.7","723.2","57.87","65.83","14","70.3","2017/10/20 22:00:00","3619.53","1733.33","442.87","46.8"
"77","XH808A016112200870","456.57","633.47","289.33","816.4","65.87","74.93","13.13","74.07","2017/10/20 23:00:00","4127.93","1986.33","506.3","55.1"
"78","XH808A016112200870","433.47","563.1","382.5","721.93","67.63","77.3","13","72.73","2017/10/21","4160.93","2021.33","528.83","57.83"
"79","XH808A016112200870","438.5","484.77","474.6","607.2","77.2","89.4","13","74.23","2017/10/21 1:00:00","4482.57","2246.83","616.03","70.17"
"80","XH808A016112200870","416.73","476.53","480.2","606.3","67.8","76.6","13","74.17","2017/10/21 2:00:00","4091.3","2012.97","526.87","56.8"
"81","XH808A016112200870","417.23","472.9","470.47","601.03","72.4","82.63","12.2","75.73","2017/10/21 3:00:00","4374.07","2143.27","562.37","62.33"
"82","XH808A016112200870","433.5","451.25","519","568.25","70","80.75","12","77.5","2017/10/21 4:00:00","4300","2071","537.75","66"
"83","XH808A016112200870","411","886","394","1454","34","45","15","47","2017/10/21 13:00:00","1797","873","317","55"
"84","XH808A016112200870","413","754.67","520.33","1367.67","15.33","20.33","15","46.67","2017/10/21 14:00:00","1082.67","424.67","138","22.67"
"85","XH808A016112200870","409.33","474.33","403.67","639","57","60.33","9.67","74.67","2017/10/26 10:00:00","3777.67","1760","439.33","39"
"86","XH808A016112200870","450.47","677.3","245.23","882.17","69.73","76.2","10.1","76.1","2017/10/26 11:00:00","4457.5","2117.37","526.03","52.17"
"87","XH808A016112200870","448.73","831.17","163.43","1070.23","71.97","79.5","10.8","71.13","2017/10/26 12:00:00","4619.8","2196.9","540.33","54.87"
"88","XH808A016112200870","437.1","889.3","109.07","1152.77","67.3","73.6","12.33","65.43","2017/10/26 13:00:00","4268.1","2032.73","508.3","47.4"
"89","XH808A016112200870","433.63","939.57","113.57","1242.23","59.83","67.17","14.4","58.13","2017/10/26 14:00:00","3778.43","1806.1","453.13","44.9"
"90","XH808A016112200870","446.57","1029.53","45.9","1377.03","59.13","67.73","18.5","46.53","2017/10/26 15:00:00","3729.83","1808.5","448.93","45.77"
"91","XH808A016112200870","480.8","940.7","55.97","1251.33","65.4","75.17","17.3","49.93","2017/10/26 16:00:00","4038.3","1959","496.07","51.87"
"92","XH808A016112200870","462.97","898.2","74.33","1202.23","62.27","72.2","16.73","50.6","2017/10/26 17:00:00","3817.73","1867.47","478.93","52.77"
"93","XH808A016112200870","443.82","761.39","147.25","1006.04","61.32","70.75","16","51.43","2017/10/26 18:00:00","3846.68","1868.68","464.46","49.29"
"94","XH808A016112200870","510.44","563","268.56","822.78","68.56","74.22","7.11","78.44","2017/10/27 9:00:00","4402.11","2079.67","519.78","50.67"
"95","XH808A016112200870","498.5","645.47","281.2","851.17","68.2","75.5","9","72.3","2017/10/27 10:00:00","4285","2033.57","521.2","56.53"
"96","XH808A016112200870","523.27","813.87","105.27","1086.1","91.47","102.43","10.73","68.9","2017/10/27 11:00:00","5687.1","2755.37","687.93","73.03"
"97","XH808A016112200870","526.27","970.87","57.2","1305.93","110","120.67","11","68.53","2017/10/27 12:00:00","6730.6","3288.47","827.07","80.47"
"98","XH808A016112200870","501.6","504.7","343.8","807.6","56.4","63.8","8.6","72.3","2017/10/30 10:00:00","3494.4","1622.9","436","53.9"
"99","XH808A016112200870","515.2","597.8","316.5","781","63.57","71.47","9.4","69.57","2017/10/30 11:00:00","4024.17","1895.77","492.23","58.47"
"100","XH808A016112200870","480.2","606.23","292.07","790.57","72.37","82.77","10.67","65","2017/10/30 12:00:00","4477.47","2155.23","565.9","66.3"
"101","XH808A016112200870","476.47","709.37","188.53","937.97","77.8","88.23","12.17","61","2017/10/30 13:00:00","4863.33","2342.2","594.17","65.73"
"102","XH808A016112200870","452","727.07","199.93","964.2","67.37","75.93","13.87","54.43","2017/10/30 14:00:00","4141.43","2001.93","521.17","53.23"
"103","XH808A016112200870","439.57","634.07","306.23","828.77","51.1","58.9","15","46.3","2017/10/30 15:00:00","3207.1","1521.37","395.77","45.03"
"104","XH808A016112200870","413.7","643.7","248.63","859.8","38.73","45.63","15","40.9","2017/10/30 16:00:00","2504.7","1173.1","312.3","40.5"
"105","XH808A016112200870","412.8","623.7","290.63","821.97","32.37","37.37","15","36.23","2017/10/30 17:00:00","2080.23","946.47","253.77","29.23"
"106","XH808A016112200870","402.93","553.13","269.43","733.6","36.73","42.37","14.9","36.8","2017/10/30 18:00:00","2373.63","1107.17","291.9","34.53"
"107","XH808A016112200870","503.87","639.67","135.9","853.87","71.03","85","13.73","51.17","2017/10/30 19:00:00","4208.53","2090.5","570.47","73.77"
"108","XH808A016112200870","478.4","509.27","326.93","657.77","86.17","97.4","12.83","57.27","2017/10/30 20:00:00","5222.7","2572","653.23","68.6"
"109","XH808A016112200870","488.93","537.6","342.3","694.87","101.07","114.43","12","61.6","2017/10/30 21:00:00","6107.77","3029.03","775.63","83.2"
"110","XH808A016112200870","516.33","596.73","240.73","775.33","105.9","119.13","11.33","65.83","2017/10/30 22:00:00","6282.03","3135.47","808.07","81.97"
"111","XH808A016112200870","469.97","477.47","371.1","599.7","81.87","90.83","10.83","65.43","2017/10/30 23:00:00","4956.47","2420.73","620.57","63.13"
"112","XH808A016112200870","470.73","436.33","407.17","541.73","94.37","104.17","10","68.67","2017/10/31","5740.5","2828.47","713.13","70.93"
"113","XH808A016112200870","456","378.43","491.43","455.83","112.9","122.37","9.7","68.97","2017/10/31 1:00:00","6882.83","3405.57","835.17","77.67"
"114","XH808A016112200870","442.63","370.23","496.23","444.6","91.33","98.33","9","68.87","2017/10/31 2:00:00","5676.5","2770.9","676.63","61.9"
"115","XH808A016112200870","421.23","357.57","496.53","429.57","65.63","71.7","9","68.37","2017/10/31 3:00:00","4149.03","1996.67","504.13","51.93"
"116","XH808A016112200870","432.93","359.4","484.17","433.57","62.7","68.93","8.2","70.33","2017/10/31 4:00:00","3924.6","1875.4","479.87","49.8"
"117","XH808A016112200870","458.7","339.67","560.17","401.4","66.17","74.8","8","72.03","2017/10/31 5:00:00","4031.93","1950.57","520.83","62.13"
"118","XH808A016112200870","459.07","392.7","500.67","472.7","70.1","79.23","8","72.4","2017/10/31 6:00:00","4304.57","2100.47","554.43","65.83"
"119","XH808A016112200870","449.9","414.5","449.67","510.67","67.7","73.87","8","72","2017/10/31 7:00:00","4262.4","2038.9","513.87","52.67"
"120","XH808A016112200870","575.2","674.23","206.93","884.3","81.3","89.33","8","72.7","2017/10/31 8:00:00","5010.67","2415.1","621.27","65.13"
"121","XH808A016112200870","553.93","542.97","427.7","687.6","80.8","90.57","8.6","70.97","2017/10/31 9:00:00","4846","2375.57","627.23","71.17"
"122","XH808A016112200870","514.1","609.5","256.5","774.33","75.17","84.8","9.2","69.73","2017/10/31 10:00:00","4617.47","2238.37","586.8","68.1"
"123","XH808A016112200870","508.17","587.33","297.53","750.57","72.7","81.67","10.2","67.27","2017/10/31 11:00:00","4504.83","2166.23","558.17","61"
"124","XH808A016112200870","498.13","672.47","225.53","878.3","84.87","95.47","11.07","64.5","2017/10/31 12:00:00","5184.37","2537.33","650.37","69.9"
"125","XH808A016112200870","483.9","790.9","95.87","1041.33","98.77","111.8","12.4","59","2017/10/31 13:00:00","5917.7","2914.27","740.27","81.43"
"126","XH808A016112200870","473.93","765.27","172.97","1012.1","48.63","56.63","13.73","46.9","2017/10/31 14:00:00","3075.47","1462.77","379.9","45.97"
"127","XH808A016112200870","431.3","715.67","210.83","949.87","33.77","39.7","15","38.2","2017/10/31 15:00:00","2208.07","1006.87","270.3","35.1"
"128","XH808A016112200870","462.77","657.2","233.73","877.3","31.07","37.1","15","37.47","2017/10/31 16:00:00","2074.57","944.3","253.57","33.77"
"129","XH808A016112200870","418.5","707.97","169.13","938.57","30.13","35.87","15","36.3","2017/10/31 17:00:00","1949.23","880","245.57","32.33"
"130","XH808A016112200870","450.67","698.63","169.13","931.07","32.63","40.17","14.8","35.07","2017/10/31 18:00:00","2095.23","969.57","268.23","39.4"
"131","XH808A016112200870","465.43","553.8","311.67","731.73","44.17","50.97","13.83","37.27","2017/10/31 19:00:00","2877.47","1350.4","354.17","41"
"132","XH808A016112200870","412.07","496","427.9","637.2","41.03","46.77","12.47","42.33","2017/10/31 20:00:00","2659.63","1235.53","319","37.17"
"133","XH808A016112200870","453.63","545.73","263.7","714.5","55.8","64.53","11","49.67","2017/10/31 21:00:00","3456.67","1660.93","437.8","53.47"
"134","XH808A016112200870","472.2","565.93","226.37","737.13","53.23","60.2","10","54.67","2017/10/31 22:00:00","3353.77","1588.4","411.4","47.77"
"135","XH808A016112200870","430.2","497.17","332.83","629.17","45.67","51","9.53","54.9","2017/10/31 23:00:00","2970","1381.33","355.07","39.87"
"136","XH808A016112200870","427.8","409.23","474.3","502.67","40.37","44.47","9","54.63","2017/11/1","2648.73","1215.73","311.53","33.77"
"137","XH808A016112200870","442.9","370.1","485.6","447.17","40.67","44.57","8.63","59.23","2017/11/1 1:00:00","2673.53","1233.13","319.8","33.93"
"138","XH808A016112200870","434.57","372.23","481.87","445.73","43.23","46.57","7.5","63.53","2017/11/1 2:00:00","2833.1","1306.67","328.87","32.83"
"139","XH808A016112200870","413.23","362.13","471.6","430.1","38.5","41.33","7","65.37","2017/11/1 3:00:00","2591.2","1181.63","295.7","29.1"
"140","XH808A016112200870","412.67","375.57","476.63","455.2","38.7","41.87","6.17","67.5","2017/11/1 4:00:00","2588.07","1185.83","301.47","31.7"
"141","XH808A016112200870","415.7","376","464.83","455.4","39.7","42.63","6","68.83","2017/11/1 5:00:00","2670.73","1222.63","301.37","29.97"
"142","XH808A016112200870","441.5","368.3","513.2","447.43","47.1","54.4","5.53","68.77","2017/11/1 6:00:00","2974.2","1403","383.43","52.43"
"143","XH808A016112200870","507.4","562.53","289.27","722.6","54.93","60.07","5","71.47","2017/11/1 7:00:00","3614.53","1677.2","424.37","48.27"
"144","XH808A016112200870","503.97","521.07","323.4","653.37","64","69.67","5","70.3","2017/11/1 8:00:00","4063.33","1922.23","491.3","55.27"
"145","XH808A016112200870","521.77","548.7","326.23","682.57","72.87","81.03","5.87","68.37","2017/11/1 9:00:00","4528.6","2182.07","569.97","67.17"
"146","XH808A016112200870","518.97","624.97","273.47","808.07","69.57","77.47","8.5","62.27","2017/11/1 10:00:00","4429.9","2115.03","533.97","58.5"
"147","XH808A016112200870","526.63","736.03","197.93","966.37","76","83.93","10","58.8","2017/11/1 11:00:00","4847.33","2325.57","572.73","59.17"
"148","XH808A016112200870","492.1","853.03","177.2","1127.5","84.7","94.47","10.27","56.97","2017/11/1 12:00:00","5328.33","2569.7","643.5","69"
"149","XH808A016112200870","461.7","984.63","153.17","1320.87","96.77","107.73","11.67","53.17","2017/11/1 13:00:00","6083.83","2958.53","721.27","71.47"
"150","XH808A016112200870","459.57","1138.4","92.6","1549.4","99.2","110.5","14.33","47.27","2017/11/1 14:00:00","6218.37","3050.23","735.5","68.47"
"151","XH808A016112200870","459.77","1079.27","71.43","1479.03","92.8","105.37","19.17","37","2017/11/1 15:00:00","5776.9","2837.23","688.57","63.9"
"152","XH808A016112200870","474.73","1115.57","34.8","1555.57","92.03","105.4","18.53","37.47","2017/11/1 16:00:00","5656.63","2787.37","683.77","65.77"
"153","XH808A016112200870","482.5","1088.93","32.77","1510.13","73.43","84.23","17.47","38.9","2017/11/1 17:00:00","4502.87","2209.03","557.47","54.33"
"154","XH808A016112200870","559.04","1129.57","45.07","1542.04","73.39","90.46","17","37.71","2017/11/1 18:00:00","4325.07","2168.04","593.39","82.29"
"155","XH808A016112200870","488.4","723.5","151.2","964.07","67.47","76.97","15.63","39.9","2017/11/1 19:00:00","4227.73","2052.57","510.17","52.07"
"156","XH808A016112200870","526.63","830.8","56.37","1128.07","70.43","81.9","13.87","44.67","2017/11/1 20:00:00","4398.07","2133.07","548.67","63.33"
"157","XH808A016112200870","452.83","719.33","97","971.7","47.23","53.97","12.73","44.6","2017/11/1 21:00:00","3017.93","1433.27","366.7","41.23"
"158","XH808A016112200870","460.6","557.63","251.13","725.93","49.37","55.33","11.2","47.2","2017/11/1 22:00:00","3162.93","1491.17","380.67","40.73"
"159","XH808A016112200870","503.6","569.37","232.33","737.4","52.27","58.67","10.13","53.2","2017/11/1 23:00:00","3257","1558.17","406.57","45.2"
"160","XH808A016112200870","500.3","476.3","377.67","591.27","52.5","58.1","9.1","57.13","2017/11/2","3377.07","1592.53","403.17","43.47"
"161","XH808A016112200870","464.07","422.9","432.93","515.57","43.93","48.6","8.27","58.47","2017/11/2 1:00:00","2855.23","1331.3","342.87","39"
"162","XH808A016112200870","461.07","430.7","444.37","522.67","47.3","51.47","7.67","60.7","2017/11/2 2:00:00","3074.23","1433.77","365.8","39.73"
"163","XH808A016112200870","456.23","404.97","457.47","488.63","44.7","48.7","7","61","2017/11/2 3:00:00","2922.7","1357.13","342.5","35.7"
"164","XH808A016112200870","448.63","384.93","486","465.43","45.3","49.53","6.87","62.63","2017/11/2 4:00:00","2927.77","1369.13","350.93","37.07"
"165","XH808A016112200870","462.53","370.93","483.1","446.6","48.67","53.07","6","65.93","2017/11/2 5:00:00","3166.7","1482.47","375.77","41.1"
"166","XH808A016112200870","458.27","389.9","469.37","474.5","51.2","59.37","5.27","67.27","2017/11/2 6:00:00","3203.6","1524.07","418.13","57.37"
"167","XH808A016112200870","504.63","539.07","272.43","691.63","58.4","62.13","5","67.73","2017/11/2 7:00:00","3782.33","1766.67","439.1","46.13"
"168","XH808A016112200870","531.87","672","156.07","870.53","59.33","65.03","5","69.27","2017/11/2 8:00:00","3795.17","1784.03","461.7","53.87"
"169","XH808A016112200870","537.63","540.63","302.97","682.8","61.27","69.83","6.07","68.4","2017/11/2 9:00:00","3776.57","1809.4","488.7","61.93"
"170","XH808A016112200870","517.03","746.5","125.87","990","62.37","71.13","8.2","61.4","2017/11/2 10:00:00","3978.87","1895.6","490.73","61.33"
"171","XH808A016112200870","511.03","965.57","57","1290.37","70.67","78.43","10.3","52.8","2017/11/2 11:00:00","4580.57","2161.73","528","55.37"
"172","XH808A016112200870","475.27","976.2","79.9","1304.47","79.07","91.1","10.53","51.33","2017/11/2 12:00:00","4935.63","2395.03","622.57","74.63"
"173","XH808A016112200870","455.5","1036.43","55.13","1396.17","72.37","81.77","11.67","47.53","2017/11/2 13:00:00","4556.03","2196.7","554.23","61.6"
"174","XH808A016112200870","454.73","1013.9","57.43","1356.87","62.03","70.1","14.17","40.17","2017/11/2 14:00:00","3933.27","1874.8","471.77","49.73"
"175","XH808A016112200870","419.83","889.4","203.9","1205.83","45.97","53.8","19.33","27.93","2017/11/2 15:00:00","3028.57","1418.37","350.53","40.3"
"176","XH808A016112200870","446.23","863.33","110.17","1192.33","44.37","52.6","17.67","30.57","2017/11/2 16:00:00","2974.83","1375.43","341.03","42.9"
"177","XH808A016112200870","427.93","742.1","126.57","1012.77","32.33","38.9","17","30.57","2017/11/2 17:00:00","2183.03","989.03","258.43","34.3"
"178","XH808A016112200870","615.5","978.63","42.77","1361.97","52.07","68.8","15.8","39.1","2017/11/2 18:00:00","3100.7","1512.83","463.87","79.93"
"179","XH808A016112200870","488.3","650.47","261.03","867.53","45.33","53.9","14.6","37.87","2017/11/2 19:00:00","2932.63","1374.9","359.03","46.6"
"180","XH808A016112200870","457.93","643.3","197.77","850.53","45.23","52.37","13.27","40.73","2017/11/2 20:00:00","2936.53","1377.27","354.63","43.4"
"181","XH808A016112200870","529.43","705.77","122.17","944.67","53.5","61.23","11.73","47.63","2017/11/2 21:00:00","3401.57","1605.87","414.8","47.4"
"182","XH808A016112200870","512.9","708.1","119.67","942.9","47.33","54.53","10.47","52.27","2017/11/2 22:00:00","3034.23","1416.73","370.33","47.1"
"183","XH808A016112200870","479.43","598.43","260.97","771.8","40.63","46.47","9.87","52.4","2017/11/2 23:00:00","2637.23","1222.97","323.03","39.83"
"184","XH808A016112200870","453.37","411.8","491.1","499.07","36.13","40.17","9","54.1","2017/11/3","2351.8","1080.1","283.93","32.9"
"185","XH808A016112200870","453.2","406.77","518.23","491.8","30.53","34.83","8.33","57.67","2017/11/3 1:00:00","2071.53","921.03","243.5","30.73"
"186","XH808A016112200870","434.57","393.87","518.03","474.03","28.73","32.63","7.87","58.47","2017/11/3 2:00:00","1925.93","848.7","230.13","29.9"
"187","XH808A016112200870","387.37","387.57","492.23","468.87","23.13","27.8","7","57.4","2017/11/3 3:00:00","1536.63","683.77","200.87","32.03"
"188","XH808A016112200870","389.2","361.67","513.03","434.6","34","40.3","7","58.57","2017/11/3 4:00:00","2134.97","982.33","284.63","42.6"
"189","XH808A016112200870","395.13","383.8","484.5","465.8","22.9","28.8","7","57.5","2017/11/3 5:00:00","1386.67","628.27","207.03","36.6"
"190","XH808A016112200870","447.27","382.2","506.27","462.03","26.43","32.8","6.57","58.33","2017/11/3 6:00:00","1597.53","732.67","234.47","40.73"
"191","XH808A016112200870","462.4","463.4","375.83","585.07","28.97","35.37","6","60.67","2017/11/3 7:00:00","1816.8","833.37","256.13","42.27"
"192","XH808A016112200870","517.57","538.97","294.3","691.77","35.63","43.33","6","63.27","2017/11/3 8:00:00","2196.37","1028.87","307.93","50.6"
"193","XH808A016112200870","543.83","569.13","292","724.3","47.4","60.07","6.07","63.77","2017/11/3 9:00:00","2741.33","1324","414.6","72.9"
"194","XH808A016112200870","517.07","704.57","166.97","924","48.77","59.9","8.07","61","2017/11/3 10:00:00","2917.8","1410","418.2","66.13"
"195","XH808A016112200870","470.43","892.13","81.47","1185.27","49.33","59.1","9.87","55.47","2017/11/3 11:00:00","3130.27","1467.17","402.4","59.33"
"196","XH808A016112200870","463.73","848.6","96.57","1126.9","50","60.07","10.27","52.43","2017/11/3 12:00:00","3108.27","1470.4","411.3","60.3"
"197","XH808A016112200870","427.53","875.4","117.23","1163.87","39.93","48.83","11.53","47.6","2017/11/3 13:00:00","2474.33","1172.57","333.8","50.87"
"198","XH808A016112200870","413.89","831.32","115.64","1095.46","34.75","43.57","13.46","43","2017/11/3 14:00:00","2176.68","1013.14","293.75","46.29"
"199","XH808A016112200870","417.27","685.87","153.53","950.7","38.37","47.5","15.47","51.57","2017/11/3 15:00:00","2464.27","1144.73","316.97","47.3"
"200","XH808A016112200870","404.55","927.27","199.82","1198.91","48.18","57.36","15.82","41.36","2017/11/3 16:00:00","3151.36","1453.36","375.36","47.73"
"201","XH808A016112200870","514.67","611.33","218","813.33","60.67","68.67","5","70.67","2017/11/4 9:00:00","3979","1847","479.33","58.67"
"202","XH808A016112200870","497","651.17","157.47","859.53","62.33","70.47","7.4","66.87","2017/11/4 10:00:00","4069.47","1888.27","482.5","60.4"
"203","XH808A016112200870","503.3","812.9","94.4","1081.2","76.7","85.03","9.4","60.63","2017/11/4 11:00:00","4964.17","2318.6","581.2","61.43"
"204","XH808A016112200870","495.39","843.56","69.89","1131.33","90.78","100.61","9.72","60.33","2017/11/4 12:00:00","5771.67","2739.17","676.94","73.67"
"205","XH808A016112200870","526.33","594.33","248.83","786.5","97.83","106.5","5.33","75","2017/11/5 9:00:00","6035.83","2916.67","743.5","84.83"
"206","XH808A016112200870","513.08","751.08","139.12","998.32","112.64","122.92","7.32","68.24","2017/11/5 10:00:00","6923.44","3378.36","845.36","86.64"
"207","XH808A016112200870","510.6","923.47","65.17","1244.57","134.17","145.13","8.97","64.07","2017/11/5 11:00:00","8134.37","3989.07","985.57","91"
"208","XH808A016112200870","497.4","1007.13","65.2","1351.4","125.63","136.6","9.63","61.1","2017/11/5 12:00:00","7641.8","3755.67","923.3","88.57"
"209","XH808A016112200870","468.97","892.5","166.93","1187.77","108.37","120.63","11.47","54.27","2017/11/5 13:00:00","6611.53","3229.5","814.03","80.07"
"210","XH808A016112200870","454.59","969.55","160.97","1299.38","107","118.66","13.45","50.17","2017/11/5 14:00:00","6546.45","3205.9","797.1","73.9"
"211","XH808A016112200870","448.27","1057.45","208.82","1446.18","114.55","127.45","17.64","41.45","2017/11/5 15:00:00","7095.91","3490.73","832.91","71.82"
"212","XH808A016112200870","517","589","265","800","80","87","7","68","2017/11/6 9:00:00","4828","2246","586","65"
"213","XH808A016112200870","506.97","590.33","295.5","787.3","72.73","80.33","7.97","64.93","2017/11/6 10:00:00","4522.23","2151.17","557.07","62.37"
"214","XH808A016112200870","504.17","855.17","106.7","1154.3","90.67","99.7","9.33","59.23","2017/11/6 11:00:00","5642.97","2694.7","669.43","68.5"
"215","XH808A016112200870","484.35","903.35","201.74","1203.17","78.83","86.87","10.57","53.35","2017/11/6 12:00:00","4963.22","2351.39","583.7","59.61"
"216","XH808A016112200870","436","550.7","341.67","978.52","48.07","53.81","12.44","48","2017/11/6 13:00:00","3146.44","1450.19","373.52","41.11"
"217","XH808A016112200870","416.23","596.42","243.12","913.73","34","38.88","14.08","43.77","2017/11/6 14:00:00","2294.35","1031.08","272","31.46"
"218","XH808A016112200870","421.17","652.9","211.17","878.03","23.67","27.7","15","39.77","2017/11/6 15:00:00","1630.2","703.67","191.73","25.8"
"219","XH808A016112200870","393.93","614.47","235.67","816.5","19.67","22.73","14.7","39.3","2017/11/6 16:00:00","1363.07","572.57","162.53","21.87"
"220","XH808A016112200870","410.1","618.87","174.2","825.97","21.03","25.27","14","41.37","2017/11/6 17:00:00","1455.8","620.9","174","25.33"
"221","XH808A016112200870","394.79","582.71","243.07","776.43","17.07","20","14","41.14","2017/11/6 18:00:00","1198.43","495.5","145.14","21.29"
"222","XH808A016112200870","430.5","427.17","375.5","551.5","40","43.83","4.33","70.67","2017/11/7 9:00:00","2599.17","1155.17","311.5","38.67"
"223","XH808A016112200870","433.67","474.87","402.07","601.53","39.4","42.83","6.93","64.6","2017/11/7 10:00:00","2621.07","1173.7","296.5","31.23"
"224","XH808A016112200870","445.87","711.17","194.57","953","52.7","56.83","8.47","61.57","2017/11/7 11:00:00","3506.43","1593.7","386.83","38.9"
"225","XH808A016112200870","441.8","723.8","146.4","959","52.2","56","8","62.7","2017/11/7 12:00:00","3571.6","1612.3","384.6","37.2"
"226","XH808A016112200870","419.81","798.62","125.14","1081.9","47.67","51.76","9.14","58.52","2017/11/7 13:00:00","3182.38","1460.24","358.62","37.38"
"227","XH808A016112200870","415.06","811.61","136.94","1113.89","42.5","47.28","12","51.33","2017/11/7 14:00:00","2816","1288.89","327.72","36.56"
"228","XH808A016112200870","433.14","748.14","116.31","1065.48","43.93","50.34","16.66","41.03","2017/11/7 15:00:00","2909.79","1346.34","337.07","36.14"
"229","XH808A016112200870","431","718.5","164.5","999.5","42.5","49.75","17","39.25","2017/11/7 16:00:00","2866","1318.25","329","38"
"230","XH808A016112200870","486.58","418.42","480","532.58","56.17","61.83","4.92","68.33","2017/11/8 9:00:00","3609.33","1676.58","433","52.42"
"231","XH808A016112200870","484.86","474.45","425.03","644.17","59.55","65.62","7.24","61.86","2017/11/8 10:00:00","3817.1","1774.28","449.31","48.31"
"232","XH808A016112200870","504.41","599.5","339.05","810.73","69.73","77.82","9.73","54.14","2017/11/8 11:00:00","4555.05","2126","519.36","56.95"
"233","XH808A016112200870","490.87","747.47","155.3","1010.17","69.27","75.27","9.67","53.83","2017/11/8 12:00:00","4509.37","2101.47","514.87","51.3"
"234","XH808A016112200870","495.1","775.4","96.83","1055.27","78.37","87.3","11.33","52.1","2017/11/8 13:00:00","5030.1","2373.37","585.57","60.9"
"235","XH808A016112200870","485.04","656.92","232.29","879.71","65.75","73.21","13.5","46","2017/11/8 14:00:00","4249.08","1995.75","488.46","48.25"
"236","XH808A016112200870","527.4","758.4","86.2","1057.47","67.13","78.17","18.9","37.97","2017/11/8 15:00:00","4333.33","2050.3","504.67","55.17"
"237","XH808A016112200870","494.25","668.92","98","917.42","61","69.83","17.17","40.67","2017/11/8 16:00:00","3981.08","1866.42","450.08","47.58"
"238","XH808A016112200870","397.61","513.35","304.87","671.87","13.3","17.52","7.35","50.91","2017/11/9 11:00:00","954.74","377.26","125.78","25.52"
"239","XH808A016112200870","390.11","515","300.7","663.26","12.67","16.85","7.93","49.78","2017/11/9 12:00:00","931.89","360.07","118.96","24.3"
"240","XH808A016112200870","390.29","525.71","311","696.79","14.71","19.36","7.86","49.5","2017/11/9 13:00:00","1015.07","406.21","142.57","27.14"
"241","XH808A016112200870","385.33","493.22","329.39","636.44","11.56","15.39","8.67","48.06","2017/11/9 14:00:00","841.78","324.67","113","22.94"
"242","XH808A016112200870","394.3","546.74","202.15","767.37","13.07","17.7","9","48.74","2017/11/9 15:00:00","918.11","359.37","129.56","27.56"
"243","XH808A016112200870","389.77","514.33","280.07","674.5","13.77","18.33","9","48.8","2017/11/9 16:00:00","944.83","380.83","134.63","27.47"
"244","XH808A016112200870","398.38","505.65","253.96","658.58","13.85","18.88","8.88","49.35","2017/11/9 17:00:00","951.42","381.96","137.27","29.12"
"245","XH808A016112200870","446.64","506","357.09","669.73","22.55","27.27","6","62.73","2017/11/10 10:00:00","1558.64","667.18","190.64","31.45"
"246","XH808A016112200870","436.1","478.07","413.4","614","27.2","31.5","6.73","61.67","2017/11/10 11:00:00","1867.47","804.67","225.3","32.63"
"247","XH808A016112200870","416.43","530.47","356.23","684.67","29.87","34.7","7.33","58.8","2017/11/10 12:00:00","2057.3","890.83","238.9","34.23"
"248","XH808A016112200870","403.3","557.1","326.97","722.73","26.43","30.6","8.33","55.17","2017/11/10 13:00:00","1821.93","791.57","217.6","30.2"
"249","XH808A016112200870","403.42","540.65","262.81","819.08","25.12","28.46","9.81","51.96","2017/11/10 14:00:00","1749.58","753.58","200.88","25.38"
"250","XH808A016112200870","398.4","601.87","259.33","813.83","26.43","29.9","13.83","43.57","2017/11/10 15:00:00","1829.13","795.6","205.13","24.37"
"251","XH808A016112200870","405.89","634.89","151.22","867.78","26.44","30.33","14","43.44","2017/11/10 16:00:00","1851.56","801.89","206.11","24.89"
"252","XH808A016112200870","472.15","467.56","500.41","585.78","72.7","78.7","4.59","71.19","2017/11/11 10:00:00","4593.52","2165.19","549.7","61.89"
"253","XH808A016112200870","490.09","629.14","267.73","894.18","84.73","91.73","6","68.45","2017/11/11 11:00:00","5329.73","2529.27","642.86","67.64"
"254","XH808A016112200870","478.93","734.13","135.8","985.43","99.03","106.57","7.07","65.9","2017/11/11 12:00:00","6208.87","2965.73","736.13","73.17"
"255","XH808A016112200870","473.37","735.9","153.67","984.4","103.3","110.87","8.37","61.17","2017/11/11 13:00:00","6510.47","3120.4","766.5","72.17"
"256","XH808A016112200870","486.03","689.23","183.3","918.73","83.67","91.8","9.73","55.47","2017/11/11 14:00:00","5313.7","2537.13","626.9","61.73"
"257","XH808A016112200870","478","576","309","756.5","58.5","65","12","48.5","2017/11/11 15:00:00","3765","1773.5","454","51"
"258","XH808A016112200870","451.14","588.54","281.54","836.82","32.04","36.61","6.68","50.29","2017/11/12 11:00:00","2190.36","940.18","251.04","33.79"
"259","XH808A016112200870","435.4","719.37","210.4","964.13","29.5","32.53","8","45.43","2017/11/12 12:00:00","2098.33","888.63","228.73","27.77"
"260","XH808A016112200870","414","698.23","191.2","940.4","27.27","30.77","8.77","42.97","2017/11/12 13:00:00","2041.7","849.03","208.07","26.2"
"261","XH808A016112200870","401.97","700.17","280.23","928.6","31.5","35.17","10.67","40.27","2017/11/12 14:00:00","2258.37","964.1","237.57","27.57"
"262","XH808A016112200870","418.26","573.65","275.96","768.52","30.39","34.04","14.74","36","2017/11/12 15:00:00","2013.09","883.26","233.65","25.65"
"263","XH808A016112200870","398.2","491.03","397.4","635","25.8","29.83","13.77","36.37","2017/11/12 16:00:00","1858.63","800.03","200.93","24.9"
"264","XH808A016112200870","411.83","505.83","280.23","664.43","25.7","29.5","12.73","39.47","2017/11/12 17:00:00","1824.1","775.23","199.1","24.67"
"265","XH808A016112200870","426.97","593.8","167.9","805.17","25.97","30.4","12.03","41.4","2017/11/12 18:00:00","1772.53","762.57","208.2","28.73"
"266","XH808A016112200870","416.43","530","203.27","706.1","22.43","26.43","11.8","41.43","2017/11/12 19:00:00","1550.9","662.8","181.27","24.83"
"267","XH808A016112200870","394.67","571.63","156.23","759.2","17.07","19.83","10.87","40.73","2017/11/12 20:00:00","1262.47","506.1","142.33","19.7"
"268","XH808A016112200870","372.1","544.37","266.9","706.1","10.9","13.47","9.5","39.87","2017/11/12 21:00:00","905.27","337.1","97.83","17.53"
"269","XH808A016112200870","361.6","481.87","355.8","611.83","8.13","9.33","8.27","41.63","2017/11/12 22:00:00","744.57","244.5","70.17","11.27"
"270","XH808A016112200870","364.28","455.39","254.72","592.72","7.39","8.89","7.22","45.06","2017/11/12 23:00:00","702.28","224","65.56","10.78"
"271","XH808A016112200870","420","432.67","278.33","892.67","23.33","25.67","4.33","57.67","2017/11/13 10:00:00","1883.33","763.33","187.67","26"
"272","XH808A016112200870","450.7","651.1","243.6","867.7","31.8","34.4","5.45","54.95","2017/11/13 11:00:00","2289.1","968.05","237.65","28.05"
"273","XH808A016112200870","407.57","565.77","400.47","743.4","21.77","23.4","6.43","49.87","2017/11/13 12:00:00","1664.87","675.67","167.47","18.93"
"274","XH808A016112200870","396.67","549.1","350.97","715.73","20.37","22.43","7.1","48.3","2017/11/13 13:00:00","1562.43","622.63","160.2","20.37"
"275","XH808A016112200870","414.67","571.13","300.93","749.97","24","26.97","9.1","45.3","2017/11/13 14:00:00","1716.9","718.57","188.3","23.73"
"276","XH808A016112200870","409.2","599.1","274.9","800.9","25.8","28.6","12.3","39.1","2017/11/13 15:00:00","1879.7","805.6","200.8","22.1"
"277","XH808A016112200870","408.63","383.25","503.5","478.88","35.75","38.25","1.38","64.63","2017/11/14 9:00:00","2435.5","1068.75","276.38","33"
"278","XH808A016112200870","435.23","492.47","392.8","637.23","41.37","45.1","3.63","58.33","2017/11/14 10:00:00","2911.13","1281.73","315.97","37.03"
"279","XH808A016112200870","462.77","621","259.2","835.07","49.83","53.5","5.07","55.47","2017/11/14 11:00:00","3418.33","1527.77","375.9","39.53"
"280","XH808A016112200870","455.03","626.57","268.13","821.37","57.03","60.97","5.47","54.93","2017/11/14 12:00:00","3878.57","1741.2","428.53","43.47"
"281","XH808A016112200870","442.87","730.2","192.7","978.27","55.97","59.6","6.67","51.6","2017/11/14 13:00:00","3817.6","1717.6","414.03","40.43"
"282","XH808A016112200870","423.83","637.1","255.03","842.17","44.37","48.3","8.67","47.03","2017/11/14 14:00:00","3039.27","1355.37","331.4","34.77"
"283","XH808A016112200870","427.3","657.2","253.43","874.4","47.03","52.07","13.33","37.03","2017/11/14 15:00:00","3246.43","1470.9","351.13","35.43"
"284","XH808A016112200870","469.67","734.67","102","1036","49.33","54","14","35.67","2017/11/14 16:00:00","3523","1574","364.67","35.33"
"285","XH808A016112200870","508","462","441","665","62","66","1","66","2017/11/15 9:00:00","4086","1821","487","71"
"286","XH808A016112200870","488.35","463.04","454.85","597.54","62.04","68.65","2.35","60.77","2017/11/15 10:00:00","4067.12","1856.46","487.31","63.77"
"287","XH808A016112200870","482.44","504.78","393.81","661.74","66.89","72.48","4.89","53.48","2017/11/15 11:00:00","4319.85","2015.56","507.15","57.81"
"288","XH808A016112200870","479.17","597.93","284.27","793.77","79.27","84.87","5.33","52.33","2017/11/15 12:00:00","5125.4","2408.97","592.23","59.47"
"289","XH808A016112200870","466.77","651.9","211.23","876.27","77.33","83.83","6.57","48.7","2017/11/15 13:00:00","4937.37","2312.2","573.73","61.7"
"290","XH808A016112200870","467.77","677.23","163.37","914.23","73.23","79.57","8.4","44.1","2017/11/15 14:00:00","4649.4","2174.5","544.2","55.7"
"291","XH808A016112200870","438.07","537.9","321.87","707.53","50.53","55","11.07","36.47","2017/11/15 15:00:00","3371.3","1538.63","380.7","37.67"
"292","XH808A016112200870","422.9","498.37","341","648.23","45","50.27","11","35.93","2017/11/15 16:00:00","2970.87","1354.43","342.93","38.03"
"293","XH808A016112200870","443.03","524.77","266.53","692.37","48.03","55.6","11","36.93","2017/11/15 17:00:00","3144.5","1459.27","380.1","48.57"
"294","XH808A016112200870","450.9","445.2","374.47","578.03","54.03","61.73","10.63","39.27","2017/11/15 18:00:00","3467.1","1626.07","423.9","51.57"
"295","XH808A016112200870","483.67","442.5","349.83","559.33","58.17","65.83","9.5","44","2017/11/15 19:00:00","3779.67","1775.67","446.5","54.83"
"296","XH808A016112200870","561.63","554.42","286.37","952.95","85.26","92.05","4.42","62.11","2017/11/16 10:00:00","5342.74","2549.16","647.37","70.21"
"297","XH808A016112200870","545.23","519.97","343.87","683.23","87.37","96.4","6","57.5","2017/11/16 11:00:00","5443.77","2596.33","657.57","72.93"
"298","XH808A016112200870","521.27","598.03","230.93","798.43","97.83","105.5","6.77","55.47","2017/11/16 12:00:00","6153.97","2952.4","733.17","74.9"
"299","XH808A016112200870","490.07","669.1","257.97","897.17","100.97","110.7","8.13","50.17","2017/11/16 13:00:00","6251.67","3018.47","763.8","79.8"
"300","XH808A016112200870","490.33","747.44","188.59","1131.04","97.85","108.44","9.67","44.07","2017/11/16 14:00:00","6042.33","2916.22","744.3","78"
"301","XH808A016112200870","467.04","703.22","225.7","1013.37","84.56","94.85","13.07","37.52","2017/11/16 15:00:00","5341.56","2570.04","640.15","65.59"
"302","XH808A016112200870","434.82","639.91","406.91","857","86.09","94.91","13.18","37.27","2017/11/16 16:00:00","5419.18","2607.55","646.64","61.64"
"303","XH808A016112200870","428.33","556.17","371.83","718.33","29","31.5","6.67","44.83","2017/11/17 11:00:00","2055.83","893.5","232","26.5"
"304","XH808A016112200870","405.47","538.8","399.23","695.47","19.37","21.37","7.6","35.83","2017/11/17 12:00:00","1456.9","581.9","153.07","18.77"
"305","XH808A016112200870","403.97","499.93","365.37","652.47","23.37","27.4","8","33.67","2017/11/17 13:00:00","1671.2","696.73","190.57","27.1"
"306","XH808A016112200870","417.97","504.83","370.43","652.2","28.47","32.13","8.03","33.47","2017/11/17 14:00:00","2028.8","870.9","224.97","28.93"
"307","XH808A016112200870","403.9","420.7","349.83","521.9","28.17","30.3","6.8","46.2","2017/11/17 15:00:00","2053.17","859.9","210.8","22.23"
"308","XH808A016112200870","401.53","496.5","396.1","616.23","27.93","31","8","35.27","2017/11/17 16:00:00","1971.7","835.53","216.53","26.47"
"309","XH808A016112200870","414.1","472.83","372.9","602.17","30.9","34.97","8","34.62","2017/11/17 17:00:00","2158.34","930.66","243","32.1"
"310","XH808A016112200870","442.26","409.74","453.37","521.21","33.16","37.21","3.16","45.21","2017/11/18 11:00:00","2347.89","1021.63","268.21","36.79"
"311","XH808A016112200870","441.87","429.1","445.37","559.57","35.53","39.9","4","43.13","2017/11/18 12:00:00","2411.47","1048.37","280.07","36.9"
"312","XH808A016112200870","444.37","441.73","411.37","569.33","38.57","43.47","4.03","41.97","2017/11/18 13:00:00","2599.73","1144.97","299.47","40.6"
"313","XH808A016112200870","440.2","423.7","428.4","546.87","36.17","39.13","5","41.87","2017/11/18 14:00:00","2492.13","1076.63","275.3","32.2"
"314","XH808A016112200870","428.63","412.73","427.93","528.7","37.4","40.4","5.1","43","2017/11/18 15:00:00","2592.3","1125.43","281.3","31.83"
"315","XH808A016112200870","423.17","401.63","458.37","503.1","37.87","41.27","6","39.53","2017/11/18 16:00:00","2559.63","1121.3","291.27","33.87"
"316","XH808A016112200870","418.37","399.5","423.57","501.6","35.57","40.57","6","39.1","2017/11/18 17:00:00","2395","1065.1","289.33","38.97"
"317","XH808A016112200870","413.75","361.35","480.25","441.85","39.55","43.8","6","39.9","2017/11/18 18:00:00","2614.3","1161.2","305.45","37.45"
"318","XH808A016112200870","422.37","328.42","691.74","390.84","36.26","39.63","2.53","49.47","2017/11/19 10:00:00","2444.26","1072.21","277.05","34.16"
"319","XH808A016112200870","400.23","415.47","658.73","514.13","23.77","25.83","4.17","39.37","2017/11/19 11:00:00","1731.93","705.97","185.33","22.73"
"320","XH808A016112200870","385.27","434","537.7","543.9","17.6","19.6","5","37.77","2017/11/19 12:00:00","1298.43","501.87","138.57","18.7"
"321","XH808A016112200870","369.3","450.97","590.6","560.23","14.37","16.07","5.2","36.17","2017/11/19 13:00:00","1159.67","435.83","117.4","15.77"
"322","XH808A016112200870","368.77","448.1","546.63","555.93","15.23","17.17","6.17","36.03","2017/11/19 14:00:00","1192.43","452.4","123.73","18.33"
"323","XH808A016112200870","373.63","477.27","430.97","606.7","13.23","14.93","7.77","35.33","2017/11/19 15:00:00","1071.03","392.87","107.37","15.1"
"324","XH808A016112200870","376.6","473.07","397.57","605.57","12.23","13.97","7.33","35.9","2017/11/19 16:00:00","953.3","341.37","100","15"
"325","XH808A016112200870","375.67","458.6","303.9","590.03","9.87","11.53","6.97","37.6","2017/11/19 17:00:00","842.93","288.27","83.5","13.17"
"326","XH808A016112200870","376.5","467.97","286.43","603.77","10.47","11.73","6","38.1","2017/11/19 18:00:00","888.33","307.43","85.2","12.7"
"327","XH808A016112200870","392.2","479.13","259","626.27","10.73","11.87","6","39.67","2017/11/19 19:00:00","904.67","317.63","89.53","13.03"
"328","XH808A016112200870","371.4","499","301.63","645.7","10.53","11.6","5.13","38.97","2017/11/19 20:00:00","888.57","307.83","88.5","13"
"329","XH808A016112200870","376.63","480.17","263.73","623.63","10.23","11.27","5","39.3","2017/11/19 21:00:00","896.9","309.83","84.67","12.6"
"330","XH808A016112200870","371.58","420.71","372.33","536.58","15.58","17.17","4.21","40.21","2017/11/19 22:00:00","1191.92","457.42","129.17","17.21"
"331","XH808A016112200870","449.88","432.2","368.48","559.56","38.52","42.92","0","55.44","2017/11/20 10:00:00","2484.6","1106.12","308.2","44.64"
"332","XH808A016112200870","450.47","449","325.8","580.07","39.1","43.8","0.97","52.3","2017/11/20 11:00:00","2543.6","1126.57","310.4","42.3"
"333","XH808A016112200870","429.33","472.4","326.63","614.47","33.03","36.47","2.07","48.23","2017/11/20 12:00:00","2251.27","971.33","262.57","34.83"
"334","XH808A016112200870","419.03","508.1","329.07","663.2","33.67","37.5","3.4","44.17","2017/11/20 13:00:00","2278.4","988.53","263.6","35.4"
"335","XH808A016112200870","430.93","446.67","367.2","569.93","40.2","43.87","4.63","42.2","2017/11/20 14:00:00","2689.1","1189.6","307.07","36.2"
"336","XH808A016112200870","428.3","439.37","390.87","563.27","38.57","43.03","6.03","38.3","2017/11/20 15:00:00","2641.57","1162.5","298.57","37.3"
"337","XH808A016112200870","399.4","445","398.03","568.63","29.37","32.53","6.3","35.7","2017/11/20 16:00:00","2056.37","880","228.9","29"
"338","XH808A016112200870","400.67","451.87","302.97","583.93","27.13","30.47","6","35.73","2017/11/20 17:00:00","1894.47","807.37","213.77","27.5"
"339","XH808A016112200870","450.7","481.93","227.77","644.9","37.43","43.4","6","39.33","2017/11/20 18:00:00","2443.73","1092.77","300.93","41.77"
"340","XH808A016112200870","462.2","477.53","250.3","629.5","48.77","57.4","5.47","41.53","2017/11/20 19:00:00","3122.07","1441.9","394.27","59.27"
"341","XH808A016112200870","435.57","422.07","328.2","540.53","48.1","53.4","4.3","44.43","2017/11/20 20:00:00","3187.8","1438.33","373.4","46.6"
"342","XH808A016112200870","444.2","393.8","350.77","496","59.57","64.8","3.73","47.23","2017/11/20 21:00:00","3727.67","1725.97","457.13","53.37"
"343","XH808A016112200870","440.9","391.43","369.53","483.6","57","62.33","2.87","48","2017/11/20 22:00:00","3634.7","1688.2","441.27","54.23"
"344","XH808A016112200870","425.83","342.33","439.37","410.3","50.97","54.47","2","48.33","2017/11/20 23:00:00","3291.57","1517.9","390.77","44.57"
"345","XH808A016112200870","430.87","335.52","414.52","400.78","54.57","58.26","1.26","51.3","2017/11/21","3411.83","1585.65","415.09","48.57"
"346","XH808A016112200870","408.07","431.33","486","547.13","18.93","21.73","2.6","35","2017/11/21 11:00:00","1370.67","550.4","156.47","23.87"
"347","XH808A016112200870","390.27","468.33","480.93","604.27","12.93","14.47","3.5","32.97","2017/11/21 12:00:00","1026.97","378.1","107.43","16.43"
"348","XH808A016112200870","378.43","463.67","490.47","588.43","12.93","14.7","4","31.7","2017/11/21 13:00:00","1034.7","382.4","109.13","16.1"
"349","XH808A016112200870","370.83","451.4","505.43","566.53","12.07","13.77","4.37","30.8","2017/11/21 14:00:00","981.03","361.87","101.83","15.93"
"350","XH808A016112200870","371.43","443.57","515.5","558.87","12.83","14.27","5.33","29.7","2017/11/21 15:00:00","1033.87","388.07","108.23","15.3"
"351","XH808A016112200870","377.6","469.63","410","601.87","13.33","15.53","5.27","31.2","2017/11/21 16:00:00","1081.07","405.43","113.63","18.17"
"352","XH808A016112200870","393.63","465.2","301.7","599.23","12.87","14.8","4.43","32.73","2017/11/21 17:00:00","1028.27","379.23","111.4","16.97"
"353","XH808A016112200870","392.53","468.5","282.3","600.7","14.7","17.17","4","33.87","2017/11/21 18:00:00","1141.07","435.87","125.97","20.37"
"354","XH808A016112200870","394.57","461.13","311.5","591.23","15.67","17.87","3.57","34.57","2017/11/21 19:00:00","1177.3","449.6","131.33","21"
"355","XH808A016112200870","369.7","461.27","287.63","591.1","13.17","14.83","3","36.27","2017/11/21 20:00:00","1016.07","378.03","113.83","17.33"
"356","XH808A016112200870","362.7","452.33","354.43","569.37","10.83","12.3","2.27","37.03","2017/11/21 21:00:00","895.1","315.8","94.97","15.4"
"357","XH808A016112200870","371.8","408.1","390.07","506.37","16.23","17.97","2","37.87","2017/11/21 22:00:00","1223.9","478.2","134.8","19.3"
"358","XH808A016112200870","364.4","372.73","469.17","446.47","16.1","17.57","2","39.03","2017/11/21 23:00:00","1215.37","465.3","128.27","17.33"
"359","XH808A016112200870","373.13","365.43","387.03","451.17","18.57","20.13","2","41.17","2017/11/22","1378.57","545.3","149.33","18.87"
"360","XH808A016112200870","369.53","338.03","426.77","405.43","18.23","19.53","1.57","41.37","2017/11/22 1:00:00","1331.5","529.07","142.13","18.23"
"361","XH808A016112200870","366.3","328.67","434.9","390.1","15.67","17.17","1","42.3","2017/11/22 2:00:00","1166.43","447.43","126.9","17.2"
"362","XH808A016112200870","369.57","327.5","516.6","378.73","13.47","14.2","0.23","45.03","2017/11/22 3:00:00","1078.1","396.9","106.53","13.27"
"363","XH808A016112200870","369.7","305.05","453.95","352.4","14.5","15.55","0","47.2","2017/11/22 4:00:00","1111.55","414.65","116.75","15.5"
"364","XH808A016112200870","427.82","423.88","368.94","543.47","35.76","39.65","0.06","51.24","2017/11/22 10:00:00","2339.76","1030.06","284.82","39.47"
"365","XH808A016112200870","410.2","451.67","404.8","574.87","32.43","35.23","1","48.3","2017/11/22 11:00:00","2163.27","947.97","254.6","33.37"
"366","XH808A016112200870","418.63","530.17","287.17","695.8","37.13","40.63","1.1","48.97","2017/11/22 12:00:00","2526.5","1103.63","291.53","37.73"
"367","XH808A016112200870","403.33","599.97","327.93","792.47","38.53","41.7","2.13","45.57","2017/11/22 13:00:00","2637.3","1149.67","290.8","34.6"
"368","XH808A016112200870","398.71","581.79","314.07","774","33.96","36.43","3.18","41.82","2017/11/22 14:00:00","2321.75","1007.21","257.96","29.43"
"369","XH808A016112200870","391.1","578.5","337.6","756.57","29.3","31.73","5.53","35.47","2017/11/22 15:00:00","2067.7","891.63","221.93","26.37"
"370","XH808A016112200870","383.37","542.13","363.33","696.87","27.57","29.9","5.33","34.7","2017/11/22 16:00:00","1994.27","837.63","211.3","24.67"
"371","XH808A016112200870","382.75","481.18","341.64","612.29","22.89","24.79","4.96","34.46","2017/11/22 17:00:00","1684.71","685.82","175.07","21.39"
"372","XH808A016112200870","451.46","426.92","386.92","552.13","42.63","46.21","-0.5","49.92","2017/11/23 10:00:00","2744.88","1230.08","333.21","44.38"
"373","XH808A016112200870","439.4","454.03","355.27","592.8","38.53","42.1","0","46.17","2017/11/23 11:00:00","2556.47","1128.6","303.23","40.47"
"374","XH808A016112200870","409.87","462.63","379.53","597.63","36.63","39.53","0.93","43.63","2017/11/23 12:00:00","2483.97","1083.37","285.2","35.1"
"375","XH808A016112200870","413.07","559.23","323.57","732.7","41.77","44.5","2.37","41.6","2017/11/23 13:00:00","2816.6","1249.43","319.33","36.93"
"376","XH808A016112200870","419.13","688.67","146.77","928.8","44.47","47.8","4","39.23","2017/11/23 14:00:00","3009.5","1339.6","336.1","37.97"
"377","XH808A016112200870","408.3","713.73","166.23","987.17","44.53","48.13","7.97","32.4","2017/11/23 15:00:00","2964.03","1323.47","326.53","34.37"
"378","XH808A016112200870","392.93","629.96","273.79","841","36.71","40.14","8.14","29.46","2017/11/23 16:00:00","2588.04","1134.11","277","31.43"
"379","XH808A016112200870","419.55","476.73","225.36","626.73","44.27","46.82","6","33","2017/11/23 17:00:00","2959.91","1323.73","331.73","33.45"
"380","XH808A016112200870","433.93","423.9","298.53","552.1","45.47","49.27","6","32.9","2017/11/23 18:00:00","3055.83","1380.8","347","39.53"
"381","XH808A016112200870","448.23","415","311.5","536.9","57.93","63.97","4.8","36.27","2017/11/23 19:00:00","3762.83","1735.5","444.87","52.47"
"382","XH808A016112200870","457.27","471.37","210.5","620.37","70.33","76.73","3.93","39.87","2017/11/23 20:00:00","4381.47","2053.87","538.13","62.93"
"383","XH808A016112200870","459.13","422.93","308.9","543.9","88.43","96.9","2.6","42.77","2017/11/23 21:00:00","5415.57","2604.83","678.23","79.17"
"384","XH808A016112200870","478.53","412.97","308.5","522.4","74.3","80.1","1.43","44.43","2017/11/23 22:00:00","4610.17","2193.27","580.1","68.33"
"385","XH808A016112200870","459.83","391.27","347.9","481.33","73.3","78.73","0.87","45.53","2017/11/23 23:00:00","4516.73","2132.5","564.57","67.6"
"386","XH808A016112200870","440.4","338.53","426.47","399.6","61.57","65.8","0","46.9","2017/11/24","3860","1786.8","471.93","56.77"
"387","XH808A016112200870","436","308.17","476.3","350.67","54.17","57.67","0","48","2017/11/24 1:00:00","3464.3","1576.47","409.5","50.47"
"388","XH808A016112200870","431.77","311.43","461.47","357.77","51.37","54.83","-0.27","50.27","2017/11/24 2:00:00","3283.13","1485.17","392.37","47.43"
"389","XH808A016112200870","415.63","310.17","460.97","355.9","45.57","49.1","-1","51.5","2017/11/24 3:00:00","3011.1","1330.27","346.23","43.83"
"390","XH808A016112200870","406.5","298.57","478.1","339.4","43.17","45.93","-1.47","51.93","2017/11/24 4:00:00","2884.53","1272.97","329.13","41.07"
"391","XH808A016112200870","408.03","299.87","478.57","339.53","44.57","46.5","-2","52.8","2017/11/24 5:00:00","2941.03","1302.9","337.47","41"
"392","XH808A016112200870","408.87","303.37","472.53","344.77","46.47","49.73","-2","53.57","2017/11/24 6:00:00","3054.83","1362.3","359.67","48.23"
"393","XH808A016112200870","457.07","382.43","344.13","474.23","56.23","60.53","-2.47","54.9","2017/11/24 7:00:00","3619.23","1645.37","429.8","57.17"
"394","XH808A016112200870","447.7","360.83","386.37","431.4","52.63","56.4","-3","55.9","2017/11/24 8:00:00","3365.37","1514.13","409.63","54.33"
"395","XH808A016112200870","457.46","354.96","442.04","415.5","58.46","63.36","-2.43","55","2017/11/24 9:00:00","3663.82","1675.25","452.32","61.82"
"396","XH808A016112200870","463.63","422.53","346.27","529.37","59.5","64.27","-1","53","2017/11/24 10:00:00","3751.03","1729.43","463.47","59.47"
"397","XH808A016112200870","449.97","424.3","377.03","532.8","67.03","71.33","0","50.9","2017/11/24 11:00:00","4268.3","1970.37","507.9","60.53"
"398","XH808A016112200870","451.17","514.27","312.4","664.7","78.7","83.07","0","48.83","2017/11/24 12:00:00","4919.97","2289.57","589.17","67.7"
"399","XH808A016112200870","427.2","594.37","248.9","784.1","73.77","78.57","1.2","44.5","2017/11/24 13:00:00","4683.93","2176.37","554.3","62.63"
"400","XH808A016112200870","432.97","650.57","199.4","871.13","73.47","77.53","3.27","40.97","2017/11/24 14:00:00","4743.83","2213.93","543.97","56.27"
"401","XH808A016112200870","446.13","732.7","131.97","1010.93","73.2","79.17","8.33","36.3","2017/11/24 15:00:00","4771.47","2231.13","542","55.5"
"402","XH808A016112200870","432.3","596.77","193.77","805.93","61.47","66.43","8.9","27.87","2017/11/24 16:00:00","4049.77","1864.1","453.33","45.03"
"403","XH808A016112200870","462.77","535.33","165.7","709.3","60.53","65.7","7.5","29.63","2017/11/24 17:00:00","4028.27","1844.17","454.53","47.73"
"404","XH808A016112200870","484.6","492.33","179.27","656.17","61.23","67.1","6.93","29.47","2017/11/24 18:00:00","4003.3","1850.6","463","51.73"
"405","XH808A016112200870","461.68","434.64","285","560.64","66.86","72.91","5.68","30.73","2017/11/24 19:00:00","4368.23","2033.55","504.68","56.59"
"406","XH808A016112200870","496.33","428.25","355.38","556.63","74.54","81.54","-1","47.92","2017/11/25 10:00:00","4607.13","2150.83","582.58","78.67"
"407","XH808A016112200870","483.93","470.57","335.73","616.97","81.27","88.1","0","43.7","2017/11/25 11:00:00","5082.57","2380.93","625.73","77.37"
"408","XH808A016112200870","478.03","520.43","313.7","682","79.33","84.67","0.7","41.5","2017/11/25 12:00:00","5066.33","2354.53","603.6","70.27"
"409","XH808A016112200870","437.47","507.27","421.83","656.4","67.2","70.53","2.43","35.53","2017/11/25 13:00:00","4355.37","1994.37","493.67","51.9"
"410","XH808A016112200870","430.87","545.53","382.67","713.9","59.7","63.53","4.3","32.33","2017/11/25 14:00:00","4007.57","1804.77","435.23","46.6"
"411","XH808A016112200870","443","584.8","284.27","805.5","59.43","63.87","9.47","26.77","2017/11/25 15:00:00","4008.17","1788.2","434.27","43.03"
"412","XH808A016112200870","456.83","508.13","262.63","682","61.13","66.5","9.43","24","2017/11/25 16:00:00","4137.6","1868.83","452.37","45.77"
"413","XH808A016112200870","432.73","450.37","343.3","576.77","47.8","52","7.87","23.63","2017/11/25 17:00:00","3278.2","1457.37","355.6","38.8"
"414","XH808A016112200870","506.47","497","189.9","672.13","67.5","75.4","6.9","27.83","2017/11/25 18:00:00","4423.87","2048.13","517.53","61.87"
"415","XH808A016112200870","500.83","460.87","241.8","602.6","82.9","91.33","5.37","31.97","2017/11/25 19:00:00","5229.57","2471.4","637.83","74.77"
"416","XH808A016112200870","470.8","424.53","314.33","539.17","79.27","86.37","3.87","33.73","2017/11/25 20:00:00","5002.8","2342.57","607.1","69.9"
"417","XH808A016112200870","504.13","466.6","265.07","598.2","92.57","101.1","2.43","38.8","2017/11/25 21:00:00","5691.57","2712.43","712.07","85.33"
"418","XH808A016112200870","476.5","419.23","327.97","528.2","79.23","86.27","1.37","39.03","2017/11/25 22:00:00","4842.47","2309.13","621.17","74.73"
"419","XH808A016112200870","482.1","415.87","318.27","523.37","83.77","91.33","0.67","40.8","2017/11/25 23:00:00","5096.8","2430.17","658.57","81.7"
"420","XH808A016112200870","482.57","347.13","428.2","413.37","73.1","78.93","0","42.53","2017/11/26","4520.8","2116.33","572.73","72.27"
"421","XH808A016112200870","470.83","324.77","447.63","380.8","64.23","68.8","0","44.73","2017/11/26 1:00:00","4027.77","1860.13","497.1","61.1"
"422","XH808A016112200870","449.9","334.4","435.93","390.03","56.27","60.43","-0.4","45.1","2017/11/26 2:00:00","3594.03","1622.1","430.5","55.53"
"423","XH808A016112200870","440.5","317.8","451.27","368.53","54.4","57.83","-1","47.07","2017/11/26 3:00:00","3523.23","1581","420.03","51.77"
"424","XH808A016112200870","437.37","312.13","463.4","358.23","54.73","57.63","-1.47","48.3","2017/11/26 4:00:00","3575.5","1595.7","415.63","51"
"425","XH808A016112200870","433.68","309.86","471.14","356.09","56.18","59.68","-2","49.09","2017/11/26 5:00:00","3651.05","1629.86","428.59","54.64"
"426","XH808A016112200870","481.37","460.58","302.42","594.58","88.63","94.79","-1.37","51.42","2017/11/26 10:00:00","5460","2588.11","675.63","85.26"
"427","XH808A016112200870","468.1","545.3","177.3","725.7","99.53","105.13","0","47.17","2017/11/26 11:00:00","6115.37","2921.8","747.17","82.73"
"428","XH808A016112200870","448.3","585.2","218.8","779.57","90.23","94.8","0.37","44.27","2017/11/26 12:00:00","5594.4","2661.1","682.8","75.33"
"429","XH808A016112200870","440.43","612.87","246","815.2","92.67","97.27","1.87","42.7","2017/11/26 13:00:00","5814.67","2755.2","687.2","71.37"
"430","XH808A016112200870","435.87","674.73","342.3","898.43","91.7","96.5","3.9","36.97","2017/11/26 14:00:00","5771.63","2734.87","675.43","67.27"
"431","XH808A016112200870","464.37","708.97","124.77","988.8","99.17","107.07","9.27","28.9","2017/11/26 15:00:00","6273.9","2987.9","723.07","71.37"
"432","XH808A016112200870","484.7","661.8","73.4","922.77","91.47","99.13","9.7","26.8","2017/11/26 16:00:00","5883.63","2783.3","668.6","65.73"
"433","XH808A016112200870","474.77","555.57","108.93","755.43","72.83","78.5","8.07","27.03","2017/11/26 17:00:00","4751.47","2208.57","539.5","52.17"
"434","XH808A016112200870","538.77","655.4","61.2","907.83","95.23","105.73","7.57","31.03","2017/11/26 18:00:00","5972.07","2853.97","714.57","79.6"
"435","XH808A016112200870","494.32","429.26","337.16","552.74","86.95","92.37","-0.21","49.21","2017/11/27 10:00:00","5347.58","2507.68","659.79","78.21"
"436","XH808A016112200870","478.73","566.07","187.67","757.9","95.33","100.87","0.9","45.97","2017/11/27 11:00:00","5986.93","2838.93","713.63","77.1"
"437","XH808A016112200870","487.57","551","139.77","736.93","95.33","100.8","1.7","50.1","2017/11/27 12:00:00","5899.7","2794.57","722.33","76.93"
"438","XH808A016112200870","483","532.23","158.03","712.03","89.87","96.83","3.5","48.57","2017/11/27 13:00:00","5616.4","2673.33","683.97","75.87"
"439","XH808A016112200870","459.87","533.37","244.9","709.63","86.47","92.2","4.97","43.53","2017/11/27 14:00:00","5441.43","2584.7","643.17","66.4"
"440","XH808A016112200870","441.97","504.43","277.27","686.4","75.3","82","9.07","37.17","2017/11/27 15:00:00","4768.2","2248","555.8","56.83"
"441","XH808A016112200870","406.6","427.67","431.23","547.63","63.2","68.13","8.97","38.47","2017/11/27 16:00:00","4028.27","1892.13","471.2","46.13"
"442","XH808A016112200870","404.17","433.87","392.63","546.47","55.07","59.1","7.87","39.1","2017/11/27 17:00:00","3570.63","1649.7","412.43","42.77"
"443","XH808A016112200870","439.81","417.04","287.81","535","65.48","71.48","7","40.85","2017/11/27 18:00:00","4185.37","1968.48","500.04","52.11"
"444","XH808A016112200870","458.82","355.05","507.05","425.27","56.68","62.09","-0.86","52.73","2017/11/29 10:00:00","3635.73","1693.41","456.45","61.23"
"445","XH808A016112200870","471.43","431.67","407.1","551","54.37","58.97","0","47.9","2017/11/29 11:00:00","3493.5","1589.43","417.37","52.47"
"446","XH808A016112200870","467.8","571.37","300.4","752","67.07","70.23","0.9","47.57","2017/11/29 12:00:00","4365.1","2003.2","505.13","53.37"
"447","XH808A016112200870","445.6","669.6","277.2","900.7","66.57","70.83","2.27","42.83","2017/11/29 13:00:00","4358.7","1998.73","497.53","55.13"
"448","XH808A016112200870","413.03","631.4","462.9","832.03","47.8","50.03","4.1","35.13","2017/11/29 14:00:00","3207.9","1421.8","350.63","35.37"
"449","XH808A016112200870","416.4","487.37","393.67","645.8","33.53","36.77","7.8","27.97","2017/11/29 15:00:00","2330.07","1014.33","259.23","29.97"
"450","XH808A016112200870","405.77","450.53","387.73","579.23","26.83","30.07","8","26.27","2017/11/29 16:00:00","1897.23","805.3","212.53","28.27"
"451","XH808A016112200870","419.53","477.3","227.3","627.5","25.67","30.23","6.27","28.57","2017/11/29 17:00:00","1766.63","760.13","217.57","33.03"
"452","XH808A016112200870","432.2","464.4","248.07","609.03","24.33","29.47","6.1","27.9","2017/11/29 18:00:00","1658.4","713.9","211.03","35.23"
"453","XH808A016112200870","429.7","417.9","322.1","533.53","35.43","40.67","5.5","29.1","2017/11/29 19:00:00","2343.9","1055.37","291.9","38.87"
"454","XH808A016112200870","428.97","388.6","376.33","485.4","48.6","54.13","3.43","33.07","2017/11/29 20:00:00","3128.4","1443.47","387.1","49.53"
"455","XH808A016112200870","428.82","404.09","317.45","510.95","42.14","47.27","3","34.41","2017/11/29 21:00:00","2689.45","1223.32","345.45","45.5"
"456","XH808A016112200870","443.41","385.95","439","493.18","34.86","37.82","-1.27","48.59","2017/11/30 10:00:00","2298.14","1007.14","275.64","39.91"
"457","XH808A016112200870","432.53","465.13","327.93","606.33","34.27","37.7","0","43.87","2017/11/30 11:00:00","2342.27","1013.6","272","37.73"
"458","XH808A016112200870","426.53","474.37","335.03","607.47","37.7","40.53","0","43.9","2017/11/30 12:00:00","2617.97","1134.4","293.03","38.47"
"459","XH808A016112200870","432.23","619.4","276.43","830","41.37","44.1","1.2","40.87","2017/11/30 13:00:00","2900.13","1263.87","315.27","37.63"
"460","XH808A016112200870","410.9","626.57","331.63","828.77","35.87","38.6","2.77","36.03","2017/11/30 14:00:00","2506","1077.33","268.23","30.97"
"461","XH808A016112200870","409.5","579.57","298.7","786.5","31.33","34.53","7.43","29","2017/11/30 15:00:00","2217.93","954.57","233.9","26.73"
"462","XH808A016112200870","416.73","506.67","226.73","679.2","33.1","36.6","7.33","28.6","2017/11/30 16:00:00","2348.93","1010.93","258.67","31.33"
"463","XH808A016112200870","409.4","454","355.2","579.4","33.6","36.4","6","30.2","2017/11/30 17:00:00","2479.8","1091","262.4","31.8"
"464","XH808A016112200870","478.71","372.29","479","461","70.19","75.19","-1.52","54.38","2017/12/1 10:00:00","4485","2092.57","550.86","70.81"
"465","XH808A016112200870","483.97","453.1","355.53","592.7","71.4","76.93","0","50.2","2017/12/1 11:00:00","4512.1","2092.23","550.7","70.3"
"466","XH808A016112200870","464.8","535.3","308.5","704.4","80.37","85","0","49.07","2017/12/1 12:00:00","5137.43","2399.77","602.8","67.53"
"467","XH808A016112200870","452.9","570.07","329.83","750.33","84.8","87.73","1.27","47.63","2017/12/1 13:00:00","5396.2","2507.37","625","62.17"
"468","XH808A016112200870","449.18","576.55","333.45","760.73","80.82","83.64","2.55","44.55","2017/12/1 14:00:00","5296.18","2462.73","590.18","57"
"469","XH808A016112200870","453.18","634.25","170.68","869.86","76.89","81.18","6.32","42.11","2017/12/1 15:00:00","5058.75","2359.5","567.43","54.57"
"470","XH808A016112200870","420.23","615.2","247.2","829.93","68.17","72.67","6.27","38.63","2017/12/1 16:00:00","4535.83","2098.63","510.47","50.4"
"471","XH808A016112200870","425.43","557.47","299.27","721.3","69.2","73.1","6","35.63","2017/12/1 17:00:00","4566.5","2121.57","507.8","49.8"
"472","XH808A016112200870","511.97","487.57","157.67","643.53","84.9","93.67","5.27","39.03","2017/12/1 18:00:00","5294.43","2536.33","655.63","75.57"
"473","XH808A016112200870","463.06","425.53","277.28","543.91","82.63","89.5","3.72","39.91","2017/12/1 19:00:00","5240.16","2469.44","625.81","69.53"
"474","XH808A016112200870","433","410.5","308.5","521","76.5","81.5","3","40.5","2017/12/1 20:00:00","4866.5","2185.5","566.5","58.5"
"475","XH808A016112200870","494.62","416.38","444.92","539.54","104","108.08","-1.54","58.23","2017/12/2 10:00:00","6472.15","3069","790.38","87.62"
"476","XH808A016112200870","483.77","442.67","377.6","568.4","112.8","118.57","-0.13","54.03","2017/12/2 11:00:00","6964.07","3340.4","860.5","97.57"
"477","XH808A016112200870","474.83","527.27","276.57","692.97","120.53","126.3","0","51.73","2017/12/2 12:00:00","7387.4","3541.77","905.4","98.93"
"478","XH808A016112200870","465","556.93","275.53","735.63","117.4","122.8","1.27","48.9","2017/12/2 13:00:00","7335.63","3505.53","879.27","92.17"
"479","XH808A016112200870","452.57","565.03","331.27","742.03","106.73","113.67","2.93","45.43","2017/12/2 14:00:00","6751.73","3209.87","797.57","84.87"
"480","XH808A016112200870","453.04","580.18","287.43","787.46","102.07","109.43","6.36","38","2017/12/2 15:00:00","6408.04","3068.64","759.43","76.82"
"481","XH808A016112200870","471.83","315.67","519.67","382.17","99.17","105.67","-3","64.5","2017/12/3 9:00:00","5966.83","2839.33","746.33","97.5"
"482","XH808A016112200870","490.63","387.67","463.3","472.7","100.2","105.33","-1.53","60.63","2017/12/3 10:00:00","6064.3","2916.7","768.13","88.87"
"483","XH808A016112200870","503.63","421.7","414.27","531.87","113.9","120.33","0","55.57","2017/12/3 11:00:00","6832.7","3314.4","868.3","98.5"
"484","XH808A016112200870","489.6","477.17","320.57","620.23","114.6","120.2","0.37","53.03","2017/12/3 12:00:00","6831.97","3323.17","862.2","91.23"
"485","XH808A016112200870","465.83","497.57","421.53","638.4","106.6","112.6","1.67","48.23","2017/12/3 13:00:00","6520.8","3155.43","796.97","83.83"
"486","XH808A016112200870","460.33","508.03","400.83","664.97","108.63","115.93","3.5","43.93","2017/12/3 14:00:00","6580.43","3189.93","816.93","86.3"
"487","XH808A016112200870","464.6","488.67","370.07","649.67","84.73","91.33","7.53","35.57","2017/12/3 15:00:00","5336.97","2524.9","625.57","62.7"
"488","XH808A016112200870","424.93","480.6","350.33","618.67","50.5","55.7","7.9","33.53","2017/12/3 16:00:00","3335.7","1523.17","388.17","42.2"
"489","XH808A016112200870","398.47","441.53","532.5","541.97","42.5","46.43","6.07","34.1","2017/12/3 17:00:00","2845.27","1277.63","322.2","36.47"
"490","XH808A016112200870","400.1","443.34","325.31","561.45","26.48","29.1","5.45","32.31","2017/12/3 18:00:00","1856.97","790.14","207.41","25.62"
"491","XH808A016112200870","445.15","334.65","479.05","397.6","40.05","43","-2","51.7","2017/12/4 10:00:00","2612.55","1163.85","315.85","41.2"
"492","XH808A016112200870","445.17","400.63","380.13","503.7","40.1","43.23","-0.07","48.67","2017/12/4 11:00:00","2642.73","1174.53","313.4","41.2"
"493","XH808A016112200870","437.47","420.7","333.87","528.77","35.9","38.23","0","48.07","2017/12/4 12:00:00","2451","1051.83","276.87","34.3"
"494","XH808A016112200870","396.63","457.33","360.53","579.77","24.67","26.1","0.33","43.3","2017/12/4 13:00:00","1806.97","744.73","190.27","23.03"
"495","XH808A016112200870","408.8","507","326.03","659.97","30.5","33","2.1","39.63","2017/12/4 14:00:00","2138.83","906.93","231.73","28.3"
"496","XH808A016112200870","397","468","380","572","35","41","4","36","2017/12/4 15:00:00","2311","987","268","32"
"497","XH808A016112200870","436.55","362.8","465.9","453.55","36.2","39.3","-3.8","49.25","2017/12/5 10:00:00","2400.75","1033.6","285.6","40.85"
